1, 1454, 1454
2, 1459, 1506
3, 1459, 1506
4, 1507, 1568
5, 1606, 1685
6, 1606, 1693
7, 1606, 1693
8, 1607, 1760
9, 1608, 1781
10, 1608, 1781
11, 1635, 1831
15, 1653, 1862
19, 1656, 1865
25, 1656, 1869
890, 1665, 1901
891, 1665, 1902
1174, 1666, 1903
1469, 1667, 1905
1485, 1667, 1910
1562, 1673, 1916
1758, 1673, 1929
1783, 1673, 1933
2015, 1673, 1934
4752, 1673, 1934
6264, 1673, 1935
8273, 1673, 1936
8839, 1673, 1937
11774, 1673, 1937
11812, 1673, 1941
12075, 1673, 1945
12508, 1673, 1946
14622, 1673, 1948
15405, 1673, 1949
16358, 1673, 1974
17012, 1673, 1975
18130, 1673, 1976
20229, 1674, 1977
22046, 1674, 1977
24661, 1674, 1977
25811, 1674, 1998
28228, 1674, 1998
28540, 1674, 2002
29959, 1674, 2003
31268, 1674, 2003
32703, 1674, 2006
32706, 1674, 2008
34250, 1680, 2017
35969, 1680, 2017
38295, 1680, 2017
40132, 1680, 2017
42435, 1680, 2017
44250, 1680, 2017
46331, 1680, 2017
46653, 1682, 2021
49354, 1682, 2021
51655, 1682, 2021
54377, 1682, 2021
57069, 1682, 2021
59868, 1682, 2021
62670, 1682, 2021
64738, 1682, 2021
67458, 1682, 2021
70382, 1682, 2021
73315, 1682, 2021
76129, 1682, 2021
78411, 1682, 2021
81140, 1682, 2021
83533, 1682, 2021
86181, 1682, 2021
88868, 1682, 2021
90840, 1682, 2021
93307, 1682, 2021
95946, 1682, 2021
98343, 1682, 2021
100998, 1682, 2021
102915, 1682, 2021
105487, 1682, 2021
107845, 1682, 2021
110183, 1682, 2021
112584, 1682, 2021
115001, 1682, 2021
116587, 1682, 2021
118928, 1682, 2021
121301, 1682, 2021
123889, 1682, 2021
126246, 1682, 2021
128532, 1682, 2021
130511, 1682, 2021
132872, 1682, 2021
135232, 1682, 2021
137721, 1682, 2021
140031, 1682, 2021
141882, 1682, 2021
143922, 1682, 2021
146296, 1682, 2021
148842, 1682, 2021
151275, 1682, 2021
153932, 1682, 2021
155762, 1682, 2021
158366, 1682, 2021
160771, 1682, 2021
162233, 1685, 2024
162239, 1686, 2026
162240, 1688, 2028
163953, 1688, 2029
165144, 1688, 2029
166460, 1688, 2033
168378, 1688, 2033
170602, 1688, 2033
173014, 1688, 2033
175417, 1688, 2033
177797, 1688, 2033
179785, 1688, 2033
182211, 1688, 2033
184165, 1688, 2033
186416, 1688, 2033
188971, 1688, 2033
191330, 1688, 2033
193591, 1688, 2033
195567, 1688, 2033
197968, 1688, 2033
199374, 1690, 2035
201250, 1690, 2035
203801, 1690, 2035
205968, 1690, 2035
207930, 1690, 2035
209416, 1690, 2035
210976, 1690, 2035
213221, 1690, 2035
215722, 1690, 2035
218139, 1690, 2035
220374, 1690, 2035
222204, 1690, 2035
223371, 1690, 2035
225867, 1690, 2035
227899, 1690, 2035
230316, 1690, 2035
232444, 1690, 2035
234198, 1690, 2035
235939, 1690, 2035
237385, 1690, 2035
239649, 1690, 2035
241587, 1690, 2035
243948, 1690, 2035
246340, 1690, 2035
248174, 1690, 2035
249638, 1690, 2035
251408, 1707, 2169
251429, 1717, 2179
251440, 1719, 2181
251461, 1719, 2183
251511, 1721, 2188
251528, 1721, 2204
251611, 1721, 2206
251687, 1732, 2217
251783, 1741, 2226
251791, 1741, 2228
251816, 1741, 2244
251904, 1743, 2248
251905, 1743, 2289
252139, 1743, 2290
252519, 1743, 2293
252529, 1743, 2296
252534, 1748, 2308
252578, 1748, 2328
252598, 1748, 2329
252741, 1748, 2331
252912, 1748, 2335
252944, 1748, 2336
253038, 1748, 2342
253238, 1748, 2398
253873, 1757, 2408
254209, 1757, 2409
255747, 1757, 2409
257301, 1757, 2409
258141, 1757, 2416
259574, 1757, 2442
261375, 1757, 2442
263175, 1757, 2442
265620, 1757, 2442
268133, 1757, 2442
275347, 1757, 2442
277354, 1757, 2442
279887, 1757, 2442
282621, 1757, 2442
285351, 1757, 2442
287367, 1757, 2442
289840, 1757, 2442
292248, 1757, 2442
294672, 1757, 2442
296998, 1757, 2442
299359, 1757, 2442
301146, 1757, 2442
303483, 1757, 2442
313186, 1757, 2442
325537, 1757, 2442
326029, 1757, 2443
327818, 1757, 2443
330245, 1757, 2443
331102, 1757, 2445
333473, 1757, 2445
335790, 1757, 2445
337001, 1757, 2447
339384, 1757, 2447
341230, 1757, 2447
341457, 1757, 2454
341494, 1761, 2458
343811, 1761, 2458
346175, 1761, 2458
348794, 1761, 2458
350963, 1761, 2458
353263, 1761, 2458
355757, 1761, 2458
358433, 1761, 2458
360466, 1761, 2458
362927, 1761, 2458
365337, 1761, 2458
367458, 1761, 2458
370125, 1761, 2458
371967, 1761, 2458
373961, 1761, 2458
376269, 1761, 2458
378436, 1761, 2458
380079, 1761, 2458
381485, 1761, 2458
383046, 1761, 2458
383501, 1763, 2462
385666, 1763, 2462
388008, 1763, 2462
390912, 1763, 2462
392662, 1763, 2462
395047, 1763, 2462
396886, 1763, 2462
397882, 1763, 2462
399644, 1763, 2462
401641, 1763, 2462
403973, 1763, 2462
406408, 1763, 2462
408896, 1763, 2462
411376, 1763, 2462
413309, 1763, 2462
414330, 1763, 2463
414529, 1763, 2465
414539, 1764, 2466
414655, 1765, 2467
414963, 1765, 2469
415480, 1765, 2487
415668, 1765, 2488
417317, 1765, 2488
418862, 1765, 2488
420314, 1765, 2488
421699, 1765, 2488
423334, 1765, 2488
423337, 1765, 2489
424943, 1765, 2489
425327, 1765, 2493
425377, 1765, 2495
425451, 1765, 2498
425498, 1766, 2499
426206, 1766, 2511
427518, 1766, 2527
427826, 1766, 2529
430093, 1766, 2529
432226, 1766, 2529
434828, 1766, 2529
436487, 1766, 2529
439008, 1766, 2529
441126, 1766, 2529
442310, 1766, 2529
444325, 1766, 2529
445634, 1766, 2529
447013, 1766, 2529
449071, 1766, 2529
451076, 1766, 2529
452820, 1766, 2529
453983, 1766, 2529
456270, 1766, 2529
458246, 1766, 2529
459828, 1766, 2529
461718, 1766, 2529
463892, 1766, 2529
466139, 1766, 2529
468764, 1766, 2529
471175, 1766, 2529
473602, 1766, 2529
475432, 1766, 2529
478220, 1766, 2529
480906, 1766, 2529
483258, 1766, 2529
485984, 1766, 2529
494045, 1766, 2529
496194, 1766, 2529
498948, 1766, 2529
501898, 1766, 2529
503443, 1766, 2529
505372, 1766, 2529
506644, 1766, 2529
508832, 1766, 2529
510912, 1766, 2529
513570, 1766, 2529
515997, 1766, 2529
518626, 1766, 2529
520258, 1766, 2529
522480, 1766, 2529
525228, 1766, 2529
527030, 1766, 2529
527628, 1766, 2533
529130, 1766, 2533
531176, 1766, 2533
533021, 1766, 2533
535018, 1766, 2533
537126, 1766, 2533
539210, 1766, 2533
541487, 1766, 2533
543633, 1766, 2533
545899, 1766, 2533
548011, 1766, 2533
550138, 1766, 2533
550343, 1766, 2537
552466, 1766, 2537
554524, 1766, 2537
556313, 1766, 2537
558104, 1766, 2537
560104, 1766, 2537
562167, 1766, 2537
564029, 1766, 2537
566265, 1766, 2537
568117, 1766, 2537
569318, 1766, 2537
570767, 1766, 2537
572288, 1766, 2537
573994, 1766, 2537
575236, 1766, 2537
576390, 1766, 2537
578199, 1766, 2537
580010, 1766, 2537
581813, 1766, 2537
583561, 1766, 2537
585668, 1766, 2537
588005, 1766, 2537
590366, 1766, 2537
592449, 1766, 2537
594742, 1766, 2537
596905, 1766, 2537
598610, 1766, 2537
600035, 1766, 2537
601528, 1766, 2537
603174, 1766, 2537
604750, 1766, 2537
606857, 1766, 2537
609175, 1766, 2537
611744, 1766, 2537
613697, 1766, 2537
615699, 1766, 2537
617937, 1766, 2537
620259, 1766, 2537
622374, 1766, 2537
624498, 1766, 2537
627027, 1766, 2537
629172, 1766, 2537
631507, 1766, 2537
634232, 1766, 2537
636272, 1766, 2537
638958, 1766, 2537
641141, 1766, 2537
643018, 1766, 2537
645539, 1766, 2537
647910, 1766, 2537
649790, 1766, 2537
651536, 1766, 2537
652912, 1766, 2537
655416, 1766, 2537
657394, 1766, 2537
659812, 1766, 2537
662369, 1766, 2537
664451, 1766, 2537
665722, 1766, 2537
667752, 1766, 2537
669497, 1766, 2537
671547, 1766, 2537
673344, 1766, 2537
675795, 1766, 2537
678447, 1766, 2537
681316, 1766, 2537
683932, 1766, 2537
685710, 1766, 2537
687502, 1766, 2537
689662, 1766, 2537
692307, 1766, 2537
695146, 1766, 2537
697595, 1766, 2537
698039, 1766, 2547
699498, 1766, 2547
701034, 1766, 2547
701936, 1766, 2549
702035, 1766, 2551
702711, 1766, 2553
703534, 1766, 2554
704553, 1766, 2555
704756, 1768, 2557
706907, 1768, 2557
708751, 1768, 2557
711342, 1768, 2557
713681, 1768, 2557
721011, 1768, 2557
723405, 1768, 2557
733158, 1768, 2557
734445, 1768, 2557
735548, 1768, 2575
737594, 1768, 2575
740243, 1768, 2575
742372, 1768, 2575
744275, 1768, 2575
746521, 1768, 2575
748663, 1768, 2575
751041, 1768, 2575
752594, 1768, 2575
754248, 1768, 2575
756015, 1768, 2575
757735, 1768, 2575
759579, 1768, 2575
761619, 1768, 2575
764070, 1768, 2575
766639, 1768, 2575
769090, 1768, 2575
771222, 1768, 2575
773731, 1768, 2575
776099, 1768, 2575
777799, 1768, 2575
780113, 1768, 2575
781987, 1768, 2575
784577, 1768, 2575
786948, 1768, 2575
788756, 1768, 2575
790159, 1768, 2575
791976, 1768, 2575
793993, 1768, 2575
796165, 1768, 2575
798517, 1768, 2575
800863, 1768, 2575
803125, 1768, 2575
804779, 1768, 2575
807317, 1768, 2575
809321, 1768, 2581
816608, 1768, 2581
818412, 1768, 2581
819872, 1768, 2581
821752, 1768, 2581
823806, 1768, 2581
825553, 1768, 2581
827336, 1768, 2581
829073, 1768, 2581
830916, 1768, 2581
833313, 1768, 2581
835463, 1768, 2581
837596, 1768, 2581
840048, 1768, 2581
842661, 1768, 2581
845274, 1768, 2581
847801, 1768, 2581
849711, 1768, 2581
852203, 1768, 2581
854638, 1768, 2581
857228, 1768, 2581
859830, 1768, 2581
861743, 1768, 2581
862682, 1768, 2582
864933, 1768, 2582
867088, 1768, 2582
869747, 1768, 2582
872408, 1768, 2582
875057, 1768, 2582
876993, 1774, 2589
879651, 1774, 2589
881956, 1774, 2589
883768, 1774, 2589
886416, 1774, 2589
889087, 1774, 2589
891720, 1774, 2589
893560, 1774, 2589
895080, 1774, 2589
896804, 1774, 2589
898508, 1774, 2589
900678, 1774, 2589
902854, 1774, 2589
905442, 1774, 2589
907106, 1774, 2589
908838, 1774, 2589
910882, 1774, 2589
911152, 1774, 2622
913253, 1774, 2622
914943, 1774, 2622
916568, 1774, 2622
916643, 1774, 2623
918869, 1774, 2623
920646, 1774, 2623
922386, 1774, 2623
924163, 1774, 2623
925143, 1774, 2623
927199, 1774, 2623
929279, 1774, 2623
930931, 1774, 2623
932368, 1774, 2623
934863, 1774, 2623
936302, 1774, 2625
936338, 1774, 2628
936500, 1775, 2629
938583, 1775, 2629
940641, 1775, 2629
944839, 1775, 2629
946927, 1775, 2629
956935, 1775, 2629
958426, 1775, 2629
960069, 1775, 2629
962279, 1775, 2629
964256, 1775, 2629
966736, 1775, 2629
969309, 1775, 2629
971831, 1775, 2629
974237, 1775, 2629
975961, 1775, 2629
978062, 1775, 2629
979547, 1775, 2629
981593, 1775, 2629
983973, 1775, 2629
986355, 1775, 2629
988458, 1775, 2629
990251, 1775, 2629
992548, 1775, 2629
994513, 1775, 2629
996748, 1775, 2629
999159, 1775, 2629
1001537, 1775, 2629
1003927, 1775, 2629
1005902, 1775, 2629
1008327, 1775, 2629
1010011, 1775, 2629
1011689, 1775, 2629
1013857, 1775, 2629
1014662, 1775, 2631
1015387, 1776, 2632
1017193, 1776, 2632
1018799, 1776, 2632
1021207, 1776, 2632
1022422, 1776, 2636
1023802, 1776, 2636
1025928, 1776, 2636
1027830, 1776, 2636
1029772, 1776, 2636
1031845, 1776, 2636
1033735, 1776, 2636
1035779, 1776, 2636
1037826, 1776, 2636
1039884, 1776, 2636
1041927, 1776, 2636
1043980, 1776, 2636
1046063, 1776, 2636
1048147, 1776, 2636
1049968, 1776, 2636
1052017, 1776, 2636
1054044, 1776, 2636
1056121, 1776, 2636
1058122, 1776, 2636
1060195, 1776, 2636
1062075, 1776, 2636
1063850, 1776, 2636
1065803, 1776, 2636
1067718, 1776, 2636
1069208, 1776, 2636
1070754, 1776, 2636
1072420, 1776, 2636
1074427, 1776, 2636
1076484, 1776, 2636
1078840, 1776, 2636
1079786, 1776, 2637
1082014, 1776, 2637
1083950, 1776, 2637
1086680, 1776, 2637
1089120, 1776, 2637
1091314, 1776, 2637
1093667, 1776, 2637
1096194, 1776, 2637
1097999, 1776, 2637
1099221, 1776, 2637
1101416, 1776, 2637
1103655, 1776, 2637
1113431, 1776, 2637
1114974, 1776, 2637
1116797, 1776, 2637
1118622, 1776, 2637
1120949, 1776, 2637
1123376, 1776, 2637
1125989, 1776, 2637
1127718, 1776, 2637
1129468, 1776, 2637
1130480, 1776, 2638
1130974, 1777, 2639
1132736, 1777, 2639
1134468, 1777, 2639
1136771, 1777, 2639
1139115, 1777, 2639
1140988, 1777, 2639
1148846, 1777, 2639
1156655, 1777, 2639
1158328, 1777, 2639
1159994, 1777, 2639
1161985, 1777, 2639
1164264, 1777, 2639
1166099, 1777, 2639
1168429, 1777, 2639
1170522, 1777, 2639
1172629, 1777, 2639
1174861, 1777, 2639
1176960, 1777, 2639
1179030, 1777, 2639
1181119, 1777, 2639
1183151, 1777, 2639
1185012, 1777, 2639
1186947, 1777, 2639
1188800, 1777, 2639
1190646, 1777, 2639
1191997, 1777, 2639
1193462, 1777, 2639
1195197, 1777, 2639
1196728, 1777, 2639
1198597, 1777, 2639
1200454, 1777, 2639
1203028, 1777, 2639
1205474, 1777, 2639
1207842, 1777, 2639
1210190, 1777, 2639
1212135, 1777, 2639
1213738, 1777, 2639
1215391, 1777, 2639
1217475, 1777, 2639
1219362, 1777, 2639
1220936, 1777, 2639
1223266, 1777, 2639
1225589, 1777, 2639
1227484, 1777, 2639
1229235, 1777, 2639
1230559, 1777, 2639
1232745, 1777, 2639
1234248, 1777, 2639
1235927, 1777, 2639
1238270, 1777, 2639
1240423, 1777, 2639
1242583, 1777, 2639
1244307, 1777, 2639
1245476, 1777, 2639
1247464, 1777, 2639
1249465, 1777, 2639
1251280, 1777, 2639
1253705, 1777, 2639
1256123, 1777, 2639
1258668, 1777, 2639
1261074, 1777, 2639
1263146, 1777, 2639
1264405, 1777, 2639
1266742, 1777, 2639
1268561, 1777, 2639
1271201, 1777, 2639
1273805, 1777, 2639
1276258, 1777, 2639
1278879, 1777, 2639
1280640, 1777, 2639
1280871, 1777, 2640
1283067, 1777, 2640
1285314, 1777, 2640
1287149, 1777, 2640
1289328, 1777, 2640
1291791, 1777, 2640
1294288, 1777, 2640
1296926, 1777, 2640
1299661, 1777, 2640
1301381, 1777, 2640
1303985, 1777, 2640
1306377, 1777, 2640
1308691, 1777, 2640
1310706, 1777, 2640
1312534, 1777, 2640
1313916, 1777, 2640
1315589, 1777, 2640
1317106, 1777, 2640
1318866, 1777, 2640
1320304, 1777, 2640
1322758, 1777, 2640
1324900, 1777, 2640
1327431, 1777, 2640
1329885, 1777, 2640
1332494, 1777, 2640
1334389, 1777, 2640
1336817, 1777, 2640
1339397, 1777, 2640
1341852, 1777, 2640
1344349, 1777, 2640
1345987, 1777, 2640
1347720, 1777, 2640
1349807, 1777, 2640
1351371, 1777, 2640
1353167, 1777, 2640
1354967, 1777, 2640
1357168, 1777, 2640
1358963, 1777, 2640
1360451, 1777, 2640
1361451, 1777, 2640
1362842, 1777, 2640
1364291, 1777, 2640
1366096, 1777, 2640
1367906, 1777, 2640
1370062, 1777, 2640
1371900, 1777, 2640
1374050, 1777, 2640
1376345, 1777, 2640
1377876, 1777, 2640
1379594, 1777, 2640
1381062, 1777, 2640
1382864, 1777, 2640
1384501, 1777, 2640
1385823, 1777, 2640
1387868, 1777, 2640
1389707, 1777, 2640
1391721, 1777, 2640
1393753, 1777, 2640
1395777, 1777, 2640
1397391, 1777, 2640
1399378, 1777, 2640
1401603, 1777, 2640
1403688, 1777, 2640
1405607, 1777, 2640
1408008, 1777, 2640
1410380, 1777, 2640
1412865, 1777, 2640
1415317, 1777, 2640
1417704, 1777, 2640
1420285, 1777, 2640
1422697, 1777, 2640
1424672, 1777, 2640
1426313, 1777, 2640
1428313, 1777, 2640
1430525, 1777, 2640
1433104, 1777, 2640
1440399, 1777, 2640
1442399, 1777, 2640
1445028, 1777, 2640
1447607, 1777, 2640
1450087, 1777, 2640
1452742, 1777, 2640
1455381, 1777, 2640
1457644, 1777, 2640
1459665, 1777, 2640
1460898, 1777, 2640
1462859, 1777, 2640
1464668, 1777, 2640
1466481, 1777, 2640
1468307, 1777, 2640
1470025, 1777, 2640
1471785, 1777, 2640
1473842, 1777, 2640
1475723, 1777, 2640
1476227, 1777, 2641
1477491, 1777, 2644
1479629, 1777, 2644
1481746, 1777, 2644
1483818, 1777, 2644
1485329, 1777, 2644
1486710, 1777, 2644
1487703, 1777, 2644
1489408, 1777, 2644
1490678, 1777, 2644
1492520, 1777, 2644
1493878, 1777, 2644
1495471, 1777, 2644
1497141, 1777, 2644
1498829, 1777, 2644
1500367, 1777, 2644
1501944, 1777, 2644
1504018, 1777, 2644
1505810, 1777, 2644
1507301, 1777, 2644
1509416, 1777, 2644
1511674, 1777, 2644
1513769, 1777, 2644
1514960, 1777, 2644
1516517, 1777, 2644
1517962, 1777, 2644
1519779, 1777, 2644
1521343, 1777, 2644
1523019, 1777, 2644
1524819, 1777, 2644
1527497, 1777, 2644
1529334, 1777, 2644
1531429, 1777, 2644
1533164, 1777, 2644
1534650, 1777, 2644
1536766, 1777, 2644
1538398, 1777, 2644
1540519, 1777, 2644
1542630, 1777, 2644
1544630, 1777, 2644
1546736, 1777, 2644
1549002, 1777, 2644
1551107, 1777, 2644
1553189, 1777, 2644
1555291, 1777, 2644
1557392, 1777, 2644
1559657, 1777, 2644
1561783, 1777, 2644
1563800, 1777, 2644
1565901, 1777, 2644
1567759, 1777, 2644
1569224, 1777, 2644
1570767, 1777, 2644
1572430, 1777, 2644
1574012, 1777, 2644
1576020, 1777, 2644
1578031, 1777, 2644
1580496, 1777, 2644
1583111, 1777, 2644
1585728, 1777, 2644
1588271, 1777, 2644
1589835, 1777, 2644
1591589, 1777, 2644
1593628, 1777, 2644
1595206, 1777, 2644
1595545, 1777, 2648
1597094, 1777, 2648
1598758, 1777, 2648
1601014, 1777, 2648
1603021, 1777, 2648
1604318, 1777, 2648
1606538, 1777, 2648
1608450, 1777, 2648
1610387, 1777, 2648
1612470, 1777, 2648
1614536, 1777, 2648
1616609, 1777, 2648
1618663, 1777, 2648
1620732, 1777, 2648
1622791, 1777, 2648
1624870, 1777, 2648
1626963, 1777, 2648
1629059, 1777, 2648
1630833, 1777, 2648
1632892, 1777, 2648
1634927, 1777, 2648
1637003, 1777, 2648
1639013, 1777, 2648
1641110, 1777, 2648
1643134, 1777, 2648
1644836, 1777, 2648
1646733, 1777, 2648
1648756, 1777, 2648
1650223, 1777, 2648
1651749, 1777, 2648
1653533, 1777, 2648
1655445, 1777, 2648
1657498, 1777, 2648
1659402, 1777, 2649
1659909, 1778, 2650
1661757, 1778, 2650
1663252, 1778, 2650
1665337, 1778, 2650
1667424, 1778, 2650
1669370, 1778, 2650
1671478, 1778, 2650
1673582, 1778, 2650
1675924, 1778, 2650
1678278, 1778, 2650
1680607, 1778, 2650
1682958, 1778, 2650
1685319, 1778, 2650
1687709, 1778, 2650
1689790, 1778, 2650
1692147, 1778, 2650
1694239, 1778, 2650
1696521, 1778, 2650
1698636, 1778, 2650
1701006, 1778, 2650
1703100, 1778, 2650
1704791, 1778, 2650
1706973, 1778, 2650
1708951, 1778, 2650
1710607, 1778, 2650
1712256, 1778, 2650
1714483, 1778, 2650
1716991, 1778, 2651
1720638, 1778, 2651
1722357, 1778, 2651
1724846, 1778, 2651
1727511, 1778, 2651
1730164, 1778, 2651
1732323, 1778, 2651
1734153, 1778, 2651
1735790, 1778, 2651
1738198, 1778, 2651
1740607, 1778, 2651
1742895, 1778, 2651
1745317, 1778, 2651
1747873, 1778, 2651
1750259, 1778, 2651
1752645, 1778, 2651
1754982, 1778, 2651
1757084, 1778, 2651
1759274, 1778, 2651
1761470, 1778, 2651
1763328, 1778, 2651
1765564, 1778, 2651
1767095, 1778, 2651
1768563, 1778, 2651
1769981, 1778, 2651
1771358, 1778, 2651
1773083, 1778, 2651
1774782, 1778, 2651
1776542, 1778, 2651
1778633, 1778, 2651
1780209, 1778, 2651
1781976, 1778, 2651
1783553, 1778, 2651
1783681, 1778, 2652
1786489, 1778, 2652
1787431, 1778, 2653
1789079, 1778, 2653
1791093, 1778, 2653
1791790, 1778, 2654
1793338, 1778, 2654
1795382, 1778, 2654
1797495, 1778, 2654
1800100, 1778, 2654
1802746, 1778, 2654
1804899, 1778, 2654
1806394, 1778, 2654
1808114, 1778, 2654
1809862, 1778, 2654
1811554, 1778, 2654
1813228, 1778, 2654
1814967, 1778, 2654
1817058, 1778, 2654
1818664, 1778, 2654
1820354, 1778, 2654
1821971, 1778, 2654
1824683, 1778, 2654
1826669, 1778, 2654
1828514, 1778, 2654
1831167, 1778, 2654
1833881, 1778, 2654
1836432, 1778, 2654
1839045, 1778, 2654
1841287, 1778, 2654
1843132, 1778, 2654
1844762, 1778, 2654
1846073, 1778, 2654
1847845, 1778, 2654
1848826, 1778, 2654
1849831, 1778, 2654
1851597, 1778, 2654
1851835, 1778, 2657
1853644, 1778, 2657
1854835, 1778, 2657
1856370, 1778, 2657
1857285, 1778, 2657
1858614, 1778, 2657
1860460, 1778, 2657
1862267, 1778, 2657
1863691, 1778, 2657
1865343, 1778, 2657
1866466, 1778, 2657
1868947, 1778, 2657
1869714, 1778, 2659
1871361, 1778, 2659
1872831, 1778, 2659
1874536, 1778, 2659
1876247, 1778, 2659
1877934, 1778, 2659
1880062, 1778, 2659
1882191, 1778, 2659
1884632, 1778, 2659
1887158, 1778, 2659
1889096, 1778, 2659
1890349, 1778, 2659
1892446, 1778, 2659
1894200, 1778, 2659
1896367, 1778, 2659
1897899, 1778, 2659
1899689, 1778, 2659
1901407, 1778, 2659
1903446, 1778, 2659
1905479, 1778, 2659
1907530, 1778, 2659
1909295, 1778, 2659
1911136, 1778, 2659
1913501, 1778, 2659
1915365, 1778, 2659
1917354, 1778, 2659
1920064, 1778, 2659
1922024, 1778, 2659
1923693, 1778, 2659
1925981, 1778, 2659
1927411, 1778, 2659
1929223, 1778, 2659
1930735, 1778, 2659
1931824, 1778, 2659
1933150, 1778, 2659
1934801, 1778, 2659
1936642, 1778, 2659
1938362, 1778, 2659
1939503, 1778, 2659
1942022, 1778, 2659
1943871, 1778, 2659
1946271, 1778, 2659
1948149, 1778, 2659
1949443, 1778, 2735
1950964, 1778, 2735
1952686, 1778, 2735
1954328, 1778, 2735
1956012, 1778, 2735
1957696, 1778, 2735
1959379, 1778, 2735
1961406, 1778, 2735
1963230, 1778, 2735
1964699, 1778, 2735
1966990, 1778, 2735
1969146, 1778, 2735
1970895, 1778, 2735
1972184, 1778, 2736
1972308, 1778, 2756
1974489, 1778, 2756
1976249, 1778, 2756
1978011, 1778, 2756
1980365, 1778, 2756
1982679, 1778, 2756
1984534, 1778, 2756
1985731, 1778, 2756
1987783, 1778, 2756
1988863, 1778, 2756
1990177, 1778, 2756
1991875, 1778, 2756
1992637, 1778, 2756
1993420, 1778, 2756
1994973, 1778, 2756
1995783, 1778, 2756
1996902, 1778, 2756
1998669, 1778, 2756
2000051, 1778, 2756
2001925, 1778, 2756
2003126, 1778, 2756
2004657, 1778, 2756
2005583, 1778, 2756
2006981, 1778, 2756
2009028, 1778, 2756
2011105, 1778, 2756
2012576, 1778, 2756
2013950, 1778, 2756
2015505, 1778, 2756
2015865, 1778, 2757
2015868, 1778, 2758
2017415, 1778, 2758
2018307, 1778, 2758
2020030, 1778, 2758
2021268, 1778, 2758
2022017, 1778, 2758
2023237, 1778, 2758
2024776, 1778, 2758
2026492, 1778, 2758
2027575, 1778, 2758
2028673, 1778, 2758
2030106, 1778, 2758
2030929, 1778, 2758
2032058, 1778, 2758
2033344, 1778, 2758
2035288, 1778, 2758
2036348, 1778, 2758
2037394, 1778, 2758
2038925, 1778, 2758
2040935, 1778, 2758
2042834, 1778, 2758
2044453, 1778, 2758
2045485, 1778, 2758
2047158, 1778, 2758
2049070, 1778, 2758
2051082, 1778, 2758
2052778, 1778, 2758
2053994, 1778, 2758
2056134, 1778, 2758
2058447, 1778, 2758
2059991, 1778, 2758
2061850, 1778, 2758
2063197, 1778, 2758
2065279, 1778, 2758
2067393, 1778, 2758
2068731, 1778, 2758
2070832, 1778, 2758
2073240, 1778, 2758
2075230, 1778, 2758
2076747, 1778, 2758
2078589, 1778, 2758
2080058, 1778, 2758
2081637, 1778, 2758
2083358, 1778, 2758
2085050, 1778, 2758
2086713, 1778, 2758
2088426, 1778, 2758
2090520, 1778, 2758
2091924, 1778, 2758
2094544, 1778, 2758
2097192, 1778, 2758
2099935, 1778, 2758
2102647, 1778, 2758
2104768, 1778, 2758
2106578, 1778, 2758
2108189, 1778, 2758
2111007, 1778, 2758
2112886, 1778, 2758
2114879, 1778, 2758
2117030, 1778, 2758
2119666, 1778, 2758
2122306, 1778, 2758
2124502, 1778, 2758
2126656, 1778, 2758
2128550, 1778, 2760
2130272, 1778, 2760
2131817, 1778, 2760
2133234, 1778, 2760
2134883, 1778, 2760
2136602, 1778, 2760
2138303, 1778, 2760
2139986, 1778, 2760
2141770, 1778, 2760
2143930, 1778, 2760
2145180, 1778, 2762
2146734, 1778, 2762
2148363, 1778, 2762
2149576, 1778, 2764
2152376, 1778, 2764
2153967, 1778, 2764
2156132, 1778, 2764
2158256, 1778, 2764
2159982, 1778, 2764
2171798, 1778, 2764
2173365, 1778, 2764
2175371, 1778, 2764
2177233, 1778, 2764
2179552, 1778, 2764
2181932, 1778, 2764
2183423, 1778, 2764
2185395, 1778, 2764
2186956, 1778, 2764
2189070, 1778, 2764
2191380, 1778, 2764
2192815, 1778, 2764
2194522, 1778, 2764
2195757, 1778, 2764
2197011, 1778, 2764
2198186, 1778, 2764
2199359, 1778, 2764
2200902, 1778, 2764
2202599, 1778, 2764
2204348, 1778, 2764
2206058, 1778, 2764
2207799, 1778, 2764
2209518, 1778, 2764
2211677, 1778, 2764
2213364, 1778, 2764
2215360, 1778, 2764
2217989, 1778, 2764
2220466, 1778, 2764
2223074, 1778, 2764
2225692, 1778, 2764
2227610, 1778, 2764
2229188, 1778, 2764
2231511, 1778, 2764
2233897, 1778, 2764
2235955, 1778, 2764
2238170, 1778, 2764
2240299, 1778, 2764
2242372, 1778, 2764
2244161, 1778, 2764
2245455, 1778, 2764
2247817, 1778, 2764
2250080, 1778, 2764
2252019, 1778, 2764
2253587, 1778, 2764
2255751, 1778, 2764
2258400, 1778, 2764
2260485, 1778, 2764
2261680, 1778, 2764
2263783, 1778, 2764
2265972, 1778, 2764
2267549, 1778, 2764
2269321, 1778, 2764
2271157, 1778, 2764
2272944, 1778, 2764
2274769, 1778, 2764
2277003, 1778, 2764
2278738, 1778, 2764
2280630, 1778, 2764
2282225, 1778, 2764
2284647, 1778, 2764
2286414, 1778, 2764
2286929, 1778, 2764
2287701, 1778, 2764
2289274, 1778, 2764
2291205, 1778, 2764
2292439, 1778, 2764
2293715, 1778, 2764
2295869, 1778, 2764
2297636, 1778, 2764
2299668, 1778, 2764
2301169, 1778, 2764
2302500, 1778, 2764
2304165, 1778, 2764
2306115, 1778, 2764
2307919, 1778, 2764
2309712, 1778, 2764
2311496, 1778, 2764
2313315, 1778, 2764
2314648, 1778, 2764
2316512, 1778, 2764
2318549, 1778, 2764
2320449, 1778, 2764
2322137, 1778, 2764
2323431, 1778, 2764
2325387, 1778, 2764
2327730, 1778, 2764
2329428, 1778, 2764
2331498, 1778, 2764
2332954, 1778, 2764
2334678, 1778, 2764
2336696, 1778, 2764
2338774, 1778, 2764
2340850, 1778, 2764
2343132, 1778, 2764
2345470, 1778, 2764
2347402, 1778, 2764
2349904, 1778, 2764
2351795, 1778, 2764
2352860, 1778, 2764
2354365, 1778, 2764
2355955, 1778, 2764
2357227, 1778, 2764
2358774, 1778, 2764
2360540, 1778, 2764
2362767, 1778, 2764
2365044, 1778, 2764
2367296, 1778, 2764
2369694, 1778, 2764
2371627, 1778, 2764
2373006, 1778, 2764
2374581, 1778, 2764
2376575, 1778, 2764
2378009, 1778, 2764
2379478, 1778, 2764
2381586, 1778, 2764
2383760, 1778, 2764
2385297, 1778, 2764
2387144, 1778, 2764
2389026, 1778, 2764
2390380, 1778, 2764
2391918, 1778, 2766
2393422, 1778, 2766
2395058, 1778, 2766
2397054, 1778, 2766
2399340, 1778, 2766
2401902, 1778, 2766
2404348, 1778, 2766
2406938, 1778, 2766
2409027, 1778, 2766
2410748, 1778, 2766
2412390, 1778, 2766
2413955, 1778, 2766
2415518, 1778, 2766
2417429, 1778, 2766
2418853, 1778, 2766
2420528, 1778, 2766
2422011, 1778, 2766
2424319, 1778, 2766
2426543, 1778, 2766
2428232, 1778, 2766
2430195, 1778, 2766
2432492, 1778, 2766
2434158, 1778, 2766
2435581, 1778, 2766
2436983, 1778, 2766
2438050, 1778, 2766
2439754, 1778, 2766
2441537, 1778, 2766
2443007, 1778, 2766
2444485, 1778, 2766
2445992, 1778, 2766
2447814, 1778, 2766
2449746, 1778, 2766
2451589, 1778, 2766
2453411, 1778, 2766
2455391, 1778, 2766
2457241, 1778, 2766
2458618, 1778, 2766
2460663, 1778, 2766
2463152, 1778, 2766
2464416, 1778, 2766
2465774, 1778, 2766
2467230, 1778, 2766
2468676, 1778, 2766
2470304, 1778, 2766
2471925, 1778, 2766
2473667, 1778, 2766
2475752, 1778, 2766
2477383, 1778, 2766
2479180, 1778, 2766
2480611, 1778, 2766
2482861, 1778, 2766
2485101, 1778, 2766
2487204, 1778, 2766
2489250, 1778, 2766
2491003, 1778, 2766
2491031, 1778, 2769
2492695, 1778, 2769
2494218, 1778, 2769
2496569, 1778, 2769
2497583, 1778, 2769
2499218, 1778, 2769
2501336, 1778, 2769
2503296, 1778, 2769
2505114, 1778, 2769
2506653, 1778, 2769
2508157, 1778, 2769
2510532, 1778, 2769
2512198, 1778, 2769
2513608, 1778, 2769
2515743, 1778, 2769
2518084, 1778, 2769
2519944, 1778, 2769
2521269, 1778, 2769
2523234, 1778, 2769
2525699, 1778, 2769
2527451, 1778, 2769
2529853, 1778, 2769
2532482, 1778, 2769
2535143, 1778, 2769
2537256, 1778, 2769
2538489, 1778, 2769
2539011, 1778, 2769
2539618, 1778, 2769
2540510, 1778, 2769
2541450, 1778, 2769
2541661, 1778, 2770
2542883, 1778, 2770
2544103, 1778, 2770
2544740, 1778, 2770
2545974, 1778, 2770
2546464, 1778, 2770
2547105, 1778, 2770
2548531, 1778, 2770
2549962, 1778, 2770
2551411, 1778, 2770
2552062, 1778, 2770
2552719, 1778, 2770
2553879, 1778, 2770
2554960, 1778, 2770
2555689, 1778, 2770
2557067, 1778, 2770
2558448, 1778, 2770
2560009, 1778, 2770
2561749, 1778, 2770
2562686, 1778, 2770
2564126, 1778, 2770
2564922, 1778, 2770
2566100, 1778, 2770
2567916, 1778, 2770
2569755, 1778, 2770
2571287, 1778, 2770
2572860, 1778, 2770
2573877, 1778, 2770
2575634, 1778, 2770
2577116, 1778, 2770
2578788, 1778, 2770
2580429, 1778, 2770
2582110, 1778, 2770
2583851, 1778, 2770
2585547, 1778, 2770
2587744, 1778, 2770
2589173, 1778, 2770
2590659, 1778, 2770
2592248, 1778, 2770
2593826, 1778, 2770
2596287, 1778, 2770
2597908, 1778, 2770
2599824, 1778, 2770
2601894, 1778, 2770
2603599, 1778, 2770
2605699, 1778, 2770
2607184, 1778, 2770
2608871, 1778, 2770
2610442, 1778, 2770
2612054, 1778, 2770
2613493, 1778, 2770
2615103, 1778, 2770
2617110, 1778, 2770
2618538, 1778, 2770
2619975, 1778, 2770
2621627, 1778, 2770
2623734, 1778, 2770
2625941, 1778, 2770
2627542, 1778, 2770
2629857, 1778, 2770
2631731, 1778, 2770
2633723, 1778, 2770
2635180, 1778, 2770
2636871, 1778, 2770
2638514, 1778, 2770
2640068, 1778, 2770
2641693, 1778, 2770
2643192, 1778, 2770
2644716, 1778, 2770
2646761, 1778, 2770
2648352, 1778, 2770
2650105, 1778, 2770
2651705, 1778, 2770
2653205, 1778, 2770
2655260, 1778, 2770
2657329, 1778, 2770
2659367, 1778, 2770
2661416, 1778, 2770
2662916, 1778, 2770
2665233, 1778, 2770
2667539, 1778, 2770
2670314, 1778, 2770
2672056, 1778, 2770
2674086, 1778, 2770
2676405, 1778, 2770
2678602, 1778, 2770
2680131, 1778, 2770
2680601, 1778, 2825
2680862, 1778, 2835
2682403, 1778, 2835
2683935, 1778, 2835
2685417, 1778, 2835
2686953, 1778, 2835
2688504, 1778, 2835
2690089, 1778, 2835
2692173, 1778, 2835
2693646, 1778, 2835
2695334, 1778, 2835
2696851, 1778, 2835
2699022, 1778, 2835
2700957, 1778, 2835
2702505, 1778, 2835
2704439, 1778, 2835
2706611, 1778, 2835
2708316, 1778, 2835
2710686, 1778, 2835
2711946, 1778, 2835
2713980, 1778, 2835
2715994, 1778, 2835
2717759, 1778, 2835
2719899, 1778, 2835
2721993, 1778, 2835
2724054, 1778, 2835
2726144, 1778, 2835
2728282, 1778, 2835
2730264, 1778, 2835
2732313, 1778, 2835
2734528, 1778, 2835
2736451, 1778, 2835
2738406, 1778, 2835
2740299, 1778, 2835
2742344, 1778, 2835
2744355, 1778, 2835
2746216, 1778, 2835
2748212, 1778, 2835
2750291, 1778, 2835
2752167, 1778, 2835
2753578, 1778, 2835
2755588, 1778, 2835
2757655, 1778, 2835
2759506, 1778, 2835
2761552, 1778, 2835
2763583, 1778, 2835
2765353, 1778, 2835
2766799, 1778, 2835
2768478, 1778, 2835
2770136, 1778, 2835
2771812, 1778, 2835
2773487, 1778, 2835
2775232, 1778, 2835
2777332, 1778, 2835
2778900, 1778, 2835
2780650, 1778, 2835
2782168, 1778, 2835
2784368, 1778, 2835
2786727, 1778, 2835
2788545, 1778, 2835
2790274, 1778, 2835
2792612, 1778, 2835
2794325, 1778, 2835
2796370, 1778, 2835
2797987, 1778, 2835
2799716, 1778, 2835
2801408, 1778, 2835
2803114, 1778, 2835
2804799, 1778, 2835
2806543, 1778, 2835
2808740, 1778, 2835
2810344, 1778, 2835
2812254, 1778, 2835
2813785, 1778, 2835
2815823, 1778, 2835
2817692, 1778, 2835
2819749, 1778, 2835
2822006, 1778, 2835
2823760, 1778, 2835
2826218, 1778, 2835
2828342, 1778, 2835
2830006, 1778, 2835
2832982, 1778, 2835
2835012, 1778, 2835
2837103, 1778, 2835
2839559, 1778, 2835
2841667, 1778, 2836
2843261, 1778, 2836
2844811, 1778, 2836
2846473, 1778, 2836
2848245, 1778, 2836
2850137, 1778, 2836
2852192, 1778, 2836
2854536, 1778, 2836
