1, 5193, 5193
2, 5657, 5925
3, 5693, 6222
4, 6016, 8696
5, 6219, 11801
6, 6220, 11981
7, 6243, 12391
8, 6363, 12638
9, 6367, 12804
10, 6368, 12978
11, 6384, 13064
12, 6389, 13129
15, 6395, 13148
17, 6395, 13149
18, 6399, 13153
19, 6400, 13154
34, 6400, 13154
35, 6400, 13156
270, 6402, 13159
280, 6402, 13161
575, 6402, 13163
882, 6406, 13240
890, 6410, 13249
908, 6414, 13264
962, 6425, 13277
1178, 6425, 13280
1477, 6425, 13293
1562, 6429, 13297
1889, 6429, 13300
2052, 6429, 13304
4729, 6429, 13304
6253, 6429, 13306
6782, 6429, 13314
8255, 6432, 13320
11824, 6432, 13320
12150, 6432, 13323
12152, 6432, 13325
12508, 6432, 13328
12968, 6434, 13332
13077, 6488, 13736
13092, 6488, 13790
13093, 6488, 13802
13176, 6488, 13821
13331, 6488, 13821
13350, 6488, 13822
14049, 6488, 13822
14537, 6488, 13830
17226, 6488, 13830
19371, 6488, 13861
19609, 6488, 13861
20175, 6488, 13861
22402, 6488, 13861
24992, 6488, 13861
27416, 6488, 13861
29327, 6488, 13863
30624, 6488, 13864
33248, 6488, 13864
34480, 6488, 13866
35690, 6488, 13867
35706, 6488, 13870
35789, 6488, 13872
35983, 6488, 13872
36555, 6488, 13873
38665, 6488, 13873
41023, 6488, 13873
43309, 6488, 13873
44923, 6488, 13873
45995, 6490, 13875
46263, 6492, 13877
47734, 6492, 13877
49039, 6497, 14200
49054, 6497, 14201
49056, 6497, 14204
49292, 6497, 14206
49293, 6497, 14277
49313, 6497, 14278
51057, 6497, 14278
52923, 6497, 14278
55485, 6497, 14278
57924, 6497, 14278
60518, 6497, 14278
62046, 6497, 14278
63885, 6497, 14278
65108, 6497, 14278
66861, 6497, 14278
69492, 6497, 14278
71277, 6497, 14279
73644, 6497, 14279
77455, 6497, 14279
80792, 6497, 14279
80807, 6498, 14288
81429, 6498, 14288
83423, 6498, 14288
85838, 6498, 14288
88186, 6498, 14288
90215, 6498, 14288
92025, 6498, 14288
93594, 6498, 14288
94635, 6504, 14294
96780, 6504, 14294
98933, 6504, 14294
100651, 6504, 14294
102118, 6504, 14294
103462, 6504, 14294
104140, 6507, 14297
105408, 6507, 14297
106730, 6507, 14297
106938, 6507, 14298
107219, 6507, 14298
109295, 6507, 14298
112258, 6507, 14298
114950, 6507, 14298
117841, 6507, 14298
120767, 6507, 14298
123390, 6507, 14298
125773, 6507, 14298
127107, 6507, 14298
127965, 6507, 14298
128941, 6507, 14298
130028, 6507, 14298
131585, 6507, 14298
133308, 6507, 14298
134150, 6507, 14299
136586, 6507, 14299
139439, 6507, 14299
143014, 6507, 14299
146610, 6507, 14299
149929, 6507, 14299
153005, 6507, 14299
155701, 6507, 14299
156290, 6507, 14301
158322, 6507, 14301
160155, 6507, 14301
161983, 6507, 14301
163772, 6507, 14301
165779, 6507, 14301
167520, 6507, 14301
169297, 6507, 14301
170259, 6507, 14301
171690, 6507, 14301
173189, 6507, 14301
174728, 6507, 14301
175524, 6507, 14301
176673, 6507, 14301
177671, 6507, 14301
179363, 6507, 14301
180894, 6507, 14301
182359, 6507, 14301
182399, 6507, 14324
182414, 6509, 14326
182498, 6509, 14326
182671, 6509, 14326
182690, 6509, 14326
184329, 6509, 14326
186587, 6509, 14326
189245, 6509, 14326
191867, 6509, 14326
194485, 6509, 14326
196614, 6509, 14326
199333, 6509, 14326
202281, 6509, 14326
205579, 6509, 14326
209039, 6509, 14326
212313, 6509, 14326
215139, 6509, 14326
218397, 6509, 14326
221512, 6509, 14326
224608, 6509, 14326
226939, 6509, 14326
229898, 6509, 14326
232931, 6509, 14326
235907, 6509, 14326
238321, 6509, 14326
240408, 6509, 14326
243004, 6509, 14326
245415, 6509, 14326
248392, 6509, 14326
251553, 6509, 14326
253737, 6509, 14326
256927, 6509, 14326
260235, 6509, 14326
263518, 6509, 14326
265319, 6509, 14326
267822, 6509, 14326
270613, 6509, 14326
273636, 6509, 14326
276874, 6509, 14326
278986, 6509, 14326
282045, 6509, 14326
285183, 6509, 14326
288397, 6509, 14326
291267, 6509, 14326
294492, 6509, 14326
297685, 6509, 14326
300924, 6509, 14326
303778, 6509, 14326
305840, 6509, 14326
309017, 6509, 14326
311997, 6509, 14326
315168, 6509, 14326
317601, 6509, 14326
320280, 6509, 14326
322649, 6509, 14326
325045, 6509, 14326
328233, 6509, 14326
330220, 6509, 14326
332823, 6509, 14326
335809, 6509, 14326
339066, 6509, 14326
341821, 6509, 14326
343906, 6509, 14326
346845, 6509, 14326
349617, 6509, 14326
352674, 6509, 14326
355683, 6509, 14326
357212, 6509, 14326
359533, 6509, 14326
361666, 6509, 14326
364632, 6509, 14326
367704, 6509, 14326
369964, 6509, 14326
373014, 6509, 14326
376468, 6509, 14326
380105, 6509, 14326
382871, 6509, 14326
386326, 6509, 14326
388935, 6509, 14326
392280, 6509, 14326
394876, 6509, 14326
397153, 6509, 14326
400486, 6509, 14326
403363, 6509, 14326
406419, 6509, 14326
409453, 6509, 14326
411253, 6509, 14326
414092, 6509, 14326
417068, 6509, 14326
419516, 6509, 14326
422723, 6509, 14326
425067, 6511, 14328
427100, 6511, 14328
429173, 6511, 14328
431686, 6511, 14328
434997, 6511, 14328
437878, 6511, 14328
440043, 6511, 14328
441347, 6511, 14328
444227, 6511, 14328
446498, 6511, 14328
448928, 6511, 14328
451372, 6511, 14328
453279, 6511, 14328
454362, 6511, 14328
456368, 6511, 14328
458419, 6511, 14328
460856, 6511, 14328
463176, 6511, 14328
465853, 6511, 14328
467932, 6511, 14328
470785, 6511, 14328
473273, 6511, 14328
475048, 6511, 14328
476851, 6511, 14328
479124, 6511, 14328
481097, 6511, 14328
483001, 6511, 14328
484855, 6511, 14328
487385, 6511, 14328
489787, 6511, 14328
491647, 6511, 14328
493223, 6511, 14328
494738, 6511, 14328
496211, 6511, 14328
497679, 6511, 14328
499750, 6511, 14328
501891, 6511, 14328
504282, 6511, 14328
506843, 6511, 14328
508174, 6511, 14328
510197, 6511, 14328
512243, 6511, 14328
514627, 6511, 14328
516327, 6511, 14328
517827, 6511, 14328
519295, 6511, 14328
520555, 6511, 14328
521881, 6511, 14328
522974, 6511, 14328
524594, 6511, 14328
526595, 6511, 14328
529202, 6511, 14328
531442, 6511, 14328
533477, 6511, 14328
535143, 6511, 14328
536896, 6511, 14328
538772, 6511, 14328
540502, 6511, 14328
542062, 6511, 14328
543434, 6511, 14328
545214, 6511, 14328
546733, 6511, 14328
548141, 6511, 14328
549212, 6511, 14328
550734, 6511, 14328
552855, 6511, 14328
555493, 6511, 14328
558682, 6511, 14328
561706, 6511, 14328
564606, 6511, 14328
566537, 6511, 14328
567971, 6511, 14328
570349, 6511, 14328
572977, 6511, 14328
575046, 6511, 14328
576841, 6511, 14328
578902, 6511, 14328
578932, 6511, 14385
578940, 6611, 14505
578942, 6623, 14517
578949, 6624, 14523
578950, 6624, 14803
578954, 6625, 14891
578955, 6625, 14893
578958, 6625, 14952
578966, 6625, 14955
578969, 6625, 14955
578973, 6625, 14956
578983, 6625, 14956
578989, 6625, 14956
578990, 6812, 15329
578999, 6819, 15342
579009, 6819, 15342
579014, 6819, 15359
579024, 6819, 15360
579030, 6819, 15360
579036, 6821, 15420
579045, 6821, 15420
579059, 6821, 15420
579065, 6825, 15444
579067, 6827, 15446
579080, 6827, 15446
579089, 6827, 15446
579094, 6835, 15668
579103, 6835, 15713
579117, 6835, 15713
579130, 6835, 15713
579137, 6835, 15713
579151, 6840, 15799
579161, 6840, 15799
579172, 6840, 15799
579179, 6840, 15799
579191, 6840, 15799
579198, 6840, 15799
579207, 6840, 15799
579219, 6840, 15799
579239, 6840, 15799
579253, 6840, 15799
579269, 6840, 15799
579280, 6840, 15803
579283, 6901, 16248
579291, 6947, 16333
579307, 6947, 16333
579315, 6947, 16333
579324, 6947, 16333
579342, 6947, 16333
579347, 6947, 16333
579363, 6947, 16333
579367, 6948, 16351
579378, 6948, 16351
579387, 6948, 16355
579396, 6948, 16355
579406, 6948, 16355
579418, 6948, 16355
579433, 6948, 16355
579446, 6948, 16355
579463, 6948, 16355
579469, 6948, 16355
579479, 6948, 16355
579498, 6948, 16355
579506, 6948, 16355
579518, 6948, 16355
579535, 6948, 16355
579546, 6948, 16355
579560, 6948, 16355
579575, 6948, 16355
579584, 6951, 16358
579590, 6951, 16358
579610, 6951, 16358
579625, 6951, 16358
579631, 6951, 16358
579642, 6951, 16358
579655, 6951, 16358
579663, 6951, 16358
579672, 6951, 16358
579682, 6952, 16359
579685, 6955, 16372
579689, 6960, 16377
579709, 6960, 16377
579720, 6965, 16384
579721, 6965, 16388
579736, 6965, 16388
579751, 6965, 16388
579752, 6965, 16389
579759, 6965, 16482
579765, 6965, 16482
579768, 6965, 16490
579775, 6965, 16789
579782, 6983, 16809
579790, 6983, 16839
579815, 6983, 16839
579819, 6983, 16847
579824, 6983, 16851
579839, 6984, 16881
579843, 6984, 16881
579863, 6984, 16881
579865, 6984, 16901
579877, 6984, 16901
579887, 6987, 16915
579888, 6988, 16916
579890, 6993, 16960
579900, 6993, 16960
579910, 6999, 17096
579917, 6999, 17096
579950, 6999, 17096
579962, 6999, 17096
579963, 7002, 17102
579978, 7002, 17102
579985, 7002, 17102
580007, 7002, 17104
580022, 7002, 17104
580030, 7002, 17104
580055, 7002, 17104
580075, 7002, 17104
580077, 7003, 17108
580086, 7003, 17116
580090, 7005, 17118
580097, 7005, 17152
580113, 7013, 17160
580114, 7014, 17162
580115, 7016, 17165
580117, 7016, 17165
580124, 7016, 17165
580130, 7016, 17165
580160, 7016, 17205
580171, 7016, 17205
580178, 7016, 17211
580184, 7016, 17211
580190, 7016, 17211
580191, 7016, 17211
580196, 7016, 17229
580200, 7016, 17229
580217, 7016, 17229
580219, 7020, 17381
580237, 7020, 17381
580243, 7025, 17461
580251, 7025, 17461
580266, 7025, 17461
580272, 7025, 17461
580297, 7025, 17461
580299, 7027, 17463
580300, 7027, 17463
580314, 7027, 17463
580333, 7027, 17463
580380, 7027, 17463
580382, 7027, 17463
580401, 7027, 17463
580425, 7027, 17463
580444, 7027, 17463
580454, 7027, 17463
580468, 7037, 17481
580473, 7039, 17487
580475, 7039, 17487
580489, 7039, 17487
580503, 7039, 17487
580527, 7039, 17487
580556, 7039, 17487
580563, 7039, 17487
580579, 7039, 17487
580592, 7039, 17504
580605, 7039, 17504
580612, 7039, 17504
580620, 7039, 17504
580647, 7039, 17504
580662, 7039, 17504
580667, 7039, 17504
580676, 7043, 17542
580684, 7043, 17542
580691, 7043, 17542
580704, 7043, 17542
580739, 7043, 17542
580772, 7043, 17542
580784, 7064, 17577
580792, 7064, 17781
580804, 7064, 17810
580811, 7100, 17848
580818, 7100, 17918
580837, 7100, 17919
580843, 7100, 17919
580847, 7103, 17922
580854, 7103, 17964
580875, 7103, 17964
580888, 7103, 17964
580899, 7103, 17964
580932, 7103, 17964
580938, 7103, 17964
580940, 7103, 17964
580954, 7103, 17964
580957, 7103, 17964
580974, 7103, 17964
581006, 7103, 17964
581019, 7103, 17964
581024, 7103, 17964
581037, 7103, 17964
581041, 7103, 17965
581045, 7103, 17965
581064, 7107, 17998
581084, 7107, 18000
581087, 7107, 18039
581094, 7107, 18039
581095, 7107, 18092
581105, 7108, 18109
581108, 7108, 18525
581115, 7108, 18525
581121, 7108, 18525
581127, 7108, 18533
581137, 7108, 18533
581148, 7108, 18533
581157, 7108, 18533
581168, 7108, 18533
581186, 7108, 18533
581215, 7108, 18533
581219, 7108, 18547
581220, 7108, 18547
581231, 7108, 18547
581248, 7108, 18547
581268, 7108, 18547
581278, 7108, 18547
581297, 7108, 18547
581308, 7108, 18547
581327, 7108, 18547
581341, 7108, 18547
581350, 7108, 18547
581367, 7108, 18547
581376, 7108, 18547
581391, 7108, 18547
581416, 7108, 18547
581439, 7108, 18547
581450, 7108, 18547
581470, 7108, 18547
581481, 7108, 18547
581488, 7108, 18547
581500, 7108, 18547
581514, 7108, 18547
581525, 7108, 18547
581537, 7108, 18547
581558, 7108, 18547
581577, 7108, 18547
581586, 7108, 18547
581599, 7108, 18547
581614, 7108, 18547
581637, 7108, 18547
581647, 7108, 18547
581660, 7108, 18547
581675, 7108, 18547
581682, 7108, 18547
581694, 7108, 18547
581706, 7108, 18547
581709, 7108, 18548
581710, 7109, 18549
581711, 7109, 18550
581717, 7109, 18554
581720, 7135, 18624
581730, 7135, 18625
581739, 7135, 18635
581758, 7135, 18635
581773, 7135, 18636
581785, 7135, 18636
581791, 7135, 18640
581797, 7149, 18671
581815, 7149, 18674
581827, 7149, 18680
581829, 7149, 20248
581836, 7149, 20248
581857, 7149, 20248
581867, 7149, 20248
581869, 7151, 20250
581882, 7151, 20250
581909, 7151, 20250
581924, 7151, 20262
581927, 7151, 20267
581934, 7153, 20275
581942, 7153, 20275
581962, 7153, 20275
581976, 7153, 20275
581988, 7153, 20275
582001, 7153, 20275
582020, 7153, 20275
582035, 7153, 20275
582046, 7153, 20275
582079, 7153, 20276
582086, 7154, 20354
582103, 7154, 20354
582105, 7154, 20371
582107, 7156, 20373
582120, 7156, 20373
582132, 7156, 20373
582147, 7156, 20373
582167, 7156, 20373
582186, 7156, 20373
582202, 7156, 20629
582217, 7156, 20629
582232, 7156, 20629
582245, 7156, 20629
582257, 7157, 20655
582277, 7157, 20655
582290, 7159, 20657
582303, 7161, 20660
582322, 7161, 20660
582327, 7161, 20660
582350, 7161, 20660
582365, 7161, 20660
582374, 7161, 20661
582389, 7161, 20661
582402, 7161, 20661
582414, 7161, 20661
582416, 7161, 20661
582427, 7161, 20661
582437, 7161, 20661
582445, 7161, 20667
582465, 7161, 20667
582472, 7161, 20672
582480, 7161, 20672
582493, 7161, 20672
582505, 7161, 20672
582517, 7161, 20672
582525, 7161, 20674
582536, 7161, 20674
582544, 7161, 20674
582553, 7162, 20675
582563, 7162, 20675
582584, 7162, 20675
582593, 7162, 20675
582607, 7162, 20675
582621, 7162, 20675
582628, 7162, 20675
582641, 7162, 20675
582653, 7162, 20675
582670, 7162, 20675
582676, 7162, 20675
582683, 7162, 20675
582692, 7162, 20675
582705, 7162, 20675
582706, 7162, 20678
582714, 7162, 20808
582723, 7162, 20808
582730, 7164, 20810
582747, 7164, 20810
582764, 7164, 20810
582772, 7164, 20810
582791, 7164, 20810
582813, 7164, 20810
582818, 7164, 20894
582826, 7164, 20894
582835, 7164, 20894
582848, 7164, 20894
582856, 7164, 20894
582866, 7164, 20894
582878, 7164, 20894
582890, 7164, 20894
582907, 7164, 20894
582923, 7164, 20894
582936, 7164, 20894
582938, 7168, 20907
582940, 7170, 20910
582950, 7170, 20910
582959, 7170, 20910
582966, 7172, 20912
582973, 7172, 20912
582981, 7172, 20912
582998, 7172, 20922
583008, 7172, 20922
583022, 7172, 20922
583039, 7172, 20922
583054, 7172, 20922
583065, 7172, 20922
583079, 7172, 20922
583089, 7174, 20924
583118, 7174, 20924
583167, 7174, 20924
583188, 7174, 20924
583218, 7174, 20924
583226, 7174, 20924
583228, 7174, 20924
583229, 7174, 21447
583230, 7174, 21447
583234, 7174, 21447
583237, 7174, 21447
583238, 7174, 21447
583239, 7174, 21447
583240, 7174, 21447
583241, 7174, 21457
583243, 7174, 21457
583244, 7174, 21457
583245, 7174, 21457
583246, 7174, 21457
583248, 7174, 21457
583249, 7174, 21457
583250, 7174, 21457
583254, 7174, 21457
583255, 7174, 21457
583257, 7174, 21457
583258, 7174, 21457
583259, 7174, 21457
583263, 7174, 21457
583266, 7174, 21457
583271, 7174, 21457
583273, 7174, 21457
583274, 7174, 21457
583277, 7174, 21457
583283, 7174, 21457
583284, 7174, 21458
583285, 7174, 21458
583286, 7174, 21458
583293, 7174, 21458
583294, 7174, 21458
583297, 7174, 21482
583300, 7174, 21482
583301, 7174, 21482
583302, 7174, 21482
583303, 7174, 21482
583306, 7174, 21482
583311, 7174, 21482
583312, 7174, 21482
583314, 7174, 21484
583315, 7174, 21484
583317, 7174, 21484
583318, 7174, 21484
583320, 7174, 21484
583321, 7174, 21484
583323, 7174, 21484
583324, 7174, 21484
583325, 7174, 21484
583327, 7174, 21484
583329, 7174, 21484
583331, 7174, 21484
583332, 7174, 21484
583333, 7174, 21484
583334, 7174, 21484
583335, 7174, 21484
583336, 7174, 21484
583339, 7174, 21484
583340, 7174, 21484
583343, 7174, 21484
583345, 7174, 21484
583346, 7174, 21484
583347, 7174, 21484
583355, 7174, 21484
583356, 7174, 21832
583357, 7174, 21832
583359, 7174, 21832
583365, 7174, 21832
583366, 7174, 21832
583367, 7174, 21832
583368, 7174, 21832
583370, 7174, 21832
583371, 7174, 21832
583372, 7174, 21832
583375, 7176, 21834
583376, 7178, 21837
583397, 7178, 21837
583410, 7178, 21837
583445, 7178, 21837
583481, 7178, 21837
583506, 7178, 21837
583534, 7178, 21837
583558, 7178, 21854
583566, 7178, 21855
583579, 7178, 21855
583581, 7179, 21856
583582, 7179, 21858
583604, 7179, 21858
583618, 7179, 21858
583626, 7179, 21858
583628, 7179, 21862
583639, 7179, 21862
583649, 7179, 21863
583658, 7179, 21864
583672, 7179, 21864
583683, 7179, 21864
583708, 7179, 21864
583728, 7179, 21864
583745, 7179, 21864
583751, 7179, 21865
583761, 7179, 21927
583776, 7179, 21927
583794, 7179, 21927
583803, 7180, 21928
583805, 7180, 21961
583808, 7180, 21965
583810, 7180, 21996
583833, 7180, 21996
583846, 7180, 21996
583854, 7180, 21996
583856, 7180, 21997
583867, 7180, 21997
583882, 7180, 21997
583889, 7180, 21997
583890, 7180, 21999
583901, 7180, 21999
583911, 7180, 21999
583925, 7180, 21999
583944, 7180, 21999
583960, 7180, 21999
583996, 7182, 22014
584006, 7182, 22014
584028, 7182, 22014
584047, 7182, 22014
584055, 7183, 22015
584066, 7183, 22015
584074, 7183, 22015
584089, 7183, 22015
584095, 7183, 22015
584109, 7183, 22015
584114, 7183, 22015
584119, 7183, 22015
584131, 7183, 22015
584143, 7185, 22017
584146, 7185, 22017
584167, 7185, 22017
584184, 7185, 22017
584192, 7185, 22017
584199, 7185, 22017
584223, 7185, 22017
584228, 7200, 22035
584247, 7200, 22035
584256, 7200, 22035
584263, 7200, 22035
584280, 7200, 22035
584288, 7200, 22035
584301, 7200, 22035
584320, 7200, 22035
584338, 7200, 22103
584339, 7202, 22105
584350, 7202, 22105
584368, 7202, 22105
584375, 7202, 22105
584386, 7202, 22105
584398, 7202, 22105
584412, 7202, 22105
584437, 7202, 22105
584459, 7202, 22105
584470, 7202, 22105
584480, 7202, 22105
584497, 7202, 22105
584505, 7202, 22105
584519, 7202, 22106
584524, 7202, 22106
584549, 7202, 22110
584569, 7202, 22110
584589, 7202, 22110
584606, 7202, 22110
584629, 7202, 22110
584637, 7202, 22110
584647, 7202, 22110
584652, 7202, 22110
584673, 7202, 22110
584688, 7202, 22110
584700, 7202, 22110
584710, 7202, 22110
584717, 7202, 22110
584728, 7202, 22110
584741, 7202, 22110
584752, 7202, 22110
584767, 7202, 22110
584786, 7202, 22110
584801, 7202, 22110
584813, 7202, 22110
584832, 7202, 22110
584842, 7202, 22110
584848, 7202, 22110
584857, 7202, 22110
584916, 7202, 22110
586583, 7202, 22110
587873, 7202, 22110
588993, 7202, 22110
590152, 7202, 22110
591973, 7202, 22110
594071, 7202, 22110
596123, 7202, 22110
598158, 7202, 22110
600442, 7202, 22110
602647, 7202, 22110
604689, 7202, 22110
606383, 7202, 22110
608155, 7202, 22110
610286, 7202, 22110
612213, 7202, 22110
613981, 7202, 22110
615663, 7202, 22110
617857, 7202, 22110
620173, 7202, 22110
621803, 7202, 22110
623308, 7202, 22110
625501, 7202, 22110
627417, 7202, 22110
629511, 7202, 22110
631601, 7202, 22110
633712, 7202, 22110
635660, 7202, 22110
637646, 7202, 22110
639584, 7202, 22110
641300, 7202, 22110
643105, 7202, 22110
644893, 7202, 22110
646800, 7202, 22110
647466, 7204, 22112
649668, 7204, 22112
651916, 7204, 22112
654155, 7204, 22112
656251, 7204, 22112
658274, 7204, 22112
660318, 7204, 22112
662289, 7204, 22112
664522, 7204, 22112
666723, 7204, 22112
668946, 7204, 22112
671188, 7204, 22112
673514, 7204, 22112
675731, 7204, 22112
677184, 7204, 22112
678619, 7204, 22112
680635, 7204, 22112
682624, 7204, 22112
684133, 7204, 22112
685545, 7204, 22112
686827, 7204, 22112
688486, 7204, 22112
690445, 7204, 22112
691906, 7204, 22116
694041, 7204, 22116
696407, 7204, 22116
698720, 7204, 22116
700978, 7204, 22116
703262, 7204, 22116
705577, 7204, 22116
707855, 7204, 22116
710121, 7204, 22116
712431, 7204, 22116
714452, 7204, 22116
716374, 7204, 22116
718519, 7204, 22116
720724, 7204, 22116
722658, 7204, 22116
724432, 7204, 22116
726232, 7204, 22116
728285, 7204, 22116
730503, 7204, 22116
732769, 7204, 22116
734712, 7204, 22116
736341, 7204, 22116
737893, 7204, 22116
739348, 7204, 22116
740581, 7204, 22116
742198, 7204, 22116
744270, 7204, 22116
746483, 7204, 22116
748639, 7204, 22116
750766, 7204, 22116
752929, 7204, 22116
754949, 7204, 22116
756536, 7204, 22116
758025, 7204, 22116
760340, 7204, 22116
762798, 7204, 22116
765360, 7204, 22116
767517, 7204, 22116
769620, 7204, 22116
772793, 7204, 22116
776048, 7204, 22116
779602, 7204, 22116
781712, 7204, 22116
786903, 7204, 22116
793332, 7204, 22116
793588, 7204, 22116
795123, 7204, 22116
797473, 7204, 22116
800378, 7204, 22116
803699, 7204, 22116
805780, 7204, 22116
805810, 7204, 22116
805879, 7204, 22116
806054, 7204, 22116
806973, 7204, 22116
807757, 7204, 22116
807758, 7204, 22116
809225, 7204, 22116
811096, 7204, 22116
813160, 7204, 22116
815848, 7204, 22116
818762, 7204, 22116
820641, 7204, 22116
823020, 7204, 22116
825712, 7204, 22116
828577, 7204, 22116
831489, 7204, 22116
831920, 7204, 22116
831967, 7204, 22116
832159, 7204, 22116
832523, 7204, 22116
834557, 7204, 22116
837514, 7204, 22116
840488, 7204, 22116
844050, 7204, 22116
845069, 7204, 22116
846459, 7204, 22116
848831, 7204, 22116
851786, 7204, 22116
855258, 7204, 22116
859165, 7204, 22116
860943, 7204, 22116
863014, 7204, 22116
865745, 7204, 22116
868976, 7204, 22116
872526, 7204, 22116
873460, 7204, 22116
873698, 7204, 22116
874295, 7204, 22116
876412, 7204, 22116
878491, 7204, 22116
880648, 7204, 22116
883488, 7204, 22116
884730, 7204, 22116
884747, 7204, 22116
884984, 7204, 22116
885593, 7204, 22116
887670, 7204, 22116
890641, 7204, 22116
893307, 7204, 22116
896597, 7204, 22116
897510, 7204, 22116
897512, 7204, 22116
897748, 7204, 22116
897769, 7204, 22116
899628, 7204, 22116
902550, 7204, 22116
905455, 7204, 22116
908731, 7204, 22116
909391, 7204, 22116
909629, 7204, 22116
910353, 7204, 22116
912713, 7204, 22116
915607, 7204, 22116
918495, 7204, 22116
921568, 7204, 22116
922452, 7204, 22116
923053, 7204, 22116
924791, 7204, 22116
927469, 7204, 22116
930073, 7204, 22116
933379, 7204, 22116
936127, 7204, 22116
938227, 7204, 22116
941415, 7204, 22116
944613, 7204, 22116
947963, 7204, 22116
948949, 7204, 22116
950317, 7204, 22116
952724, 7204, 22116
955369, 7204, 22116
958267, 7204, 22116
961321, 7204, 22116
961338, 7204, 22116
961575, 7204, 22116
962245, 7204, 22116
964775, 7204, 22116
967608, 7204, 22116
970533, 7204, 22116
973689, 7204, 22116
976730, 7204, 22116
979786, 7204, 22116
982992, 7204, 22116
986395, 7204, 22116
987163, 7204, 22116
987401, 7204, 22116
988324, 7204, 22116
990767, 7204, 22116
993924, 7204, 22116
997182, 7204, 22116
1000207, 7204, 22116
1000223, 7204, 22116
1000306, 7204, 22116
1000461, 7204, 22116
1000481, 7204, 22116
1002154, 7204, 22116
1004437, 7204, 22116
1006487, 7204, 22116
1006503, 7204, 22116
1006586, 7204, 22116
1006741, 7204, 22116
1006761, 7204, 22116
1008857, 7204, 22116
1011590, 7204, 22116
1012561, 7204, 22116
1013441, 7204, 22116
1016354, 7204, 22116
1018528, 7204, 22116
1019629, 7204, 22116
1022378, 7204, 22116
1024733, 7204, 22116
1024749, 7204, 22116
1024832, 7204, 22116
1024987, 7204, 22116
1025007, 7204, 22116
1027058, 7204, 22116
1030435, 7204, 22116
1032713, 7204, 22116
1036551, 7204, 22116
1038739, 7204, 22116
1041444, 7204, 22116
1043859, 7204, 22116
1043958, 7204, 22116
1044138, 7204, 22116
1045726, 7204, 22116
1048286, 7204, 22116
1050434, 7204, 22116
1050707, 7204, 22116
1052350, 7204, 22116
1055302, 7204, 22116
1056708, 7204, 22116
1056725, 7204, 22116
1056961, 7204, 22116
1056982, 7204, 22116
1058994, 7204, 22116
1061193, 7204, 22116
1063302, 7204, 22116
1066833, 7204, 22116
1079981, 7204, 22116
1082534, 7204, 22116
1086005, 7204, 22116
1087765, 7204, 22116
1091353, 7204, 22116
1092384, 7204, 22116
1094216, 7204, 22116
1098202, 7204, 22116
1100258, 7204, 22116
1103994, 7204, 22116
1106949, 7204, 22116
1107208, 7204, 22116
1110235, 7204, 22116
1113213, 7204, 22116
1113312, 7204, 22116
1113531, 7204, 22116
1116495, 7204, 22116
1119491, 7204, 22116
1119590, 7204, 22116
1119780, 7204, 22116
1122234, 7204, 22116
1125770, 7204, 22116
1125787, 7204, 22116
1126023, 7204, 22116
1126043, 7204, 22116
1127272, 7204, 22116
1129677, 7204, 22116
1132401, 7204, 22116
1134971, 7204, 22116
1138221, 7204, 22116
1139226, 7204, 22116
1139228, 7204, 22116
1139464, 7204, 22116
1139484, 7204, 22116
1140762, 7204, 22116
1143966, 7204, 22116
1146268, 7204, 22116
1149872, 7204, 22116
1150305, 7204, 22116
1150389, 7204, 22116
1150565, 7204, 22116
1152947, 7204, 22116
1156521, 7204, 22116
1158319, 7204, 22116
1161078, 7204, 22116
1163450, 7204, 22116
1163709, 7204, 22116
1166084, 7204, 22116
1169443, 7204, 22116
1171869, 7204, 22116
1175110, 7204, 22116
1186053, 7204, 22116
1200073, 7204, 22116
1200326, 7204, 22116
1201271, 7204, 22116
1203871, 7204, 22116
1206901, 7204, 22116
1209601, 7204, 22116
1211833, 7204, 22116
1213438, 7204, 22116
1214486, 7204, 22116
1216740, 7204, 22116
1219708, 7204, 22116
1222296, 7204, 22116
1224455, 7204, 22116
1224709, 7205, 22123
1224767, 7205, 22123
1224962, 7205, 22123
1225883, 7205, 22123
1228272, 7205, 22123
1231474, 7205, 22123
1234148, 7205, 22123
1236398, 7205, 22123
1238074, 7205, 22123
1238076, 7205, 22123
1238312, 7205, 22123
1238313, 7207, 22125
1238333, 7207, 22125
1240452, 7207, 22125
1243673, 7207, 22125
1247048, 7207, 22125
1249360, 7207, 22125
1249603, 7207, 22125
1250620, 7207, 22125
1253213, 7207, 22125
1256462, 7207, 22125
1259429, 7207, 22125
1261686, 7207, 22125
1263011, 7207, 22125
1263249, 7207, 22125
1264242, 7207, 22125
1266617, 7207, 22125
1269735, 7207, 22125
1272158, 7207, 22125
1274215, 7207, 22125
1275263, 7207, 22125
1275438, 7209, 22127
1277587, 7209, 22127
1280812, 7209, 22127
1284147, 7209, 22127
1286474, 7209, 22127
1288516, 7209, 22127
1288532, 7209, 22127
1288767, 7211, 22130
1288788, 7211, 22130
1291208, 7211, 22130
1294848, 7211, 22130
1297571, 7211, 22130
1299521, 7212, 22131
1299780, 7212, 22131
1302415, 7212, 22131
1306248, 7212, 22131
1309571, 7212, 22131
1312207, 7212, 22131
1312899, 7212, 22131
1314077, 7212, 22131
1317051, 7212, 22131
1320598, 7212, 22131
1323216, 7212, 22131
1324747, 7212, 22131
1325375, 7212, 22131
1328377, 7212, 22131
1331862, 7212, 22131
1335300, 7212, 22131
1337822, 7212, 22131
1338333, 7212, 22131
1339813, 7212, 22131
1343083, 7212, 22131
1346693, 7212, 22131
1349468, 7212, 22131
1351444, 7212, 22131
1351683, 7212, 22131
1353089, 7212, 22131
1356162, 7212, 22131
1359612, 7212, 22131
1362958, 7212, 22131
1366461, 7212, 22131
1367145, 7212, 22137
1367161, 7214, 22139
1367398, 7214, 22139
1367475, 7214, 22139
1370362, 7214, 22139
1374027, 7214, 22139
