1, 83
2, 158
3, 211
4, 213
5, 213
6, 217
7, 296
8, 296
9, 342
10, 345
11, 374
12, 742
13, 747
14, 747
15, 751
16, 751
17, 751
18, 752
19, 752
20, 752
21, 752
22, 763
29, 765
87, 775
28541, 775
31636, 778
31638, 783
31644, 793
31691, 937
31698, 943
32160, 944
32171, 945
56668, 955
56670, 957
57417, 964
87634, 964
92708, 965
92998, 968
93419, 970
93917, 972
93971, 978
94788, 980
113146, 980
132757, 980
153019, 980
174201, 980
193533, 980
217074, 980
240168, 980
248398, 982
271977, 982
280191, 995
304108, 995
327638, 995
351310, 995
374464, 995
398037, 995
421274, 995
444512, 995
468528, 995
492335, 995
515860, 995
538580, 998
562096, 998
585876, 998
606833, 998
623957, 1006
625866, 1013
645264, 1013
667967, 1013
688712, 1013
710694, 1013
730714, 1013
752529, 1013
767000, 1013
789667, 1013
811232, 1013
832286, 1013
851215, 1013
870221, 1013
889898, 1013
903435, 1013
925354, 1013
948263, 1013
972019, 1013
993327, 1013
1013828, 1013
1033610, 1013
1054326, 1013
1064301, 1021
1064366, 1023
1065422, 1030
1066520, 1033
1066532, 1038
1066680, 1043
1089559, 1043
1112357, 1043
1134733, 1043
1155510, 1043
1175828, 1043
1196491, 1043
1215274, 1043
1235447, 1043
1255330, 1043
1276029, 1043
1296219, 1043
1317184, 1043
1337277, 1043
1358136, 1043
1380343, 1043
1402402, 1043
1424751, 1043
1437075, 1049
1437113, 1052
1437311, 1055
1438423, 1057
1439395, 1059
1439481, 1062
1440077, 1068
1440981, 1069
1441355, 1071
1441667, 1072
1441745, 1075
1442390, 1090
1442519, 1096
1443213, 1102
1444409, 1108
1449134, 1113
1467125, 1113
1488815, 1113
1509948, 1113
1530918, 1113
1552849, 1113
1573657, 1113
1594118, 1113
1614895, 1113
1635405, 1113
1664326, 1113
1699541, 1113
1731634, 1113
1752800, 1113
1773113, 1113
1794165, 1113
1818049, 1113
1840335, 1113
1857784, 1113
1860051, 1113
1881283, 1113
1904164, 1113
1928198, 1113
1951688, 1113
1973667, 1113
1997707, 1113
2018058, 1113
2040180, 1113
2061210, 1113
2082434, 1113
2106489, 1113
2122566, 1113
2146748, 1113
2167541, 1113
2190999, 1113
2218604, 1113
2247057, 1113
2269039, 1113
2292110, 1113
2317797, 1113
2351566, 1113
2377602, 1113
2400241, 1113
2420990, 1113
2441360, 1113
2460145, 1113
2478197, 1113
2499340, 1113
2509751, 1116
2509764, 1122
2512846, 1125
2512860, 1128
2516330, 1129
2516353, 1131
2517551, 1137
2534509, 1137
2553900, 1137
2574580, 1137
2593785, 1137
2610244, 1142
2629925, 1142
2649079, 1142
2669421, 1142
2687270, 1142
2704323, 1142
2729847, 1142
2763552, 1142
2786072, 1142
2805816, 1142
2823372, 1142
2833630, 1142
2847643, 1142
2858651, 1142
2868490, 1142
2884519, 1142
2907788, 1142
2936232, 1142
2962687, 1142
2978281, 1142
3003477, 1142
3028082, 1142
3052555, 1142
3077196, 1142
3101800, 1142
3124806, 1142
3154280, 1142
3185121, 1142
3214424, 1142
3247613, 1142
3282820, 1142
3308411, 1142
3329508, 1142
3346820, 1142
3374340, 1142
3400381, 1142
3424232, 1142
3447354, 1142
3468545, 1142
3487030, 1142
3505338, 1142
3529456, 1142
3561716, 1142
3598315, 1142
3626038, 1142
3627194, 1153
3629022, 1158
3629118, 1163
3646040, 1163
3663822, 1163
3686687, 1163
3709512, 1163
3732283, 1163
3754740, 1163
3787069, 1163
3825396, 1163
3862038, 1163
3887214, 1163
3908430, 1163
3929117, 1163
3950914, 1163
3985176, 1163
4022509, 1163
4038815, 1163
4063120, 1163
4080949, 1163
4105546, 1163
4130113, 1163
4154606, 1163
4168454, 1163
4168957, 1164
4169644, 1165
4171422, 1166
4172491, 1177
4195654, 1177
4218355, 1177
4242542, 1177
4266666, 1177
4283353, 1177
4303266, 1177
4327284, 1177
4342228, 1177
4365189, 1177
4369867, 1177
4380232, 1177
4402999, 1177
4425889, 1177
4449734, 1177
4469906, 1177
4487692, 1177
4514279, 1177
4529463, 1179
4530301, 1190
4550180, 1190
4572863, 1190
4601230, 1190
4622547, 1190
4650147, 1190
4680533, 1190
4711475, 1190
4736284, 1190
4757528, 1190
4775457, 1190
4804493, 1190
4817086, 1190
4836942, 1190
4868726, 1190
4896674, 1190
4918122, 1190
4936583, 1190
4965166, 1190
4992079, 1190
5004705, 1190
5031113, 1190
5057719, 1190
5072089, 1190
5081999, 1190
5109920, 1190
5133430, 1190
5143979, 1190
5164730, 1190
5185593, 1190
5206589, 1190
5226920, 1190
5233638, 1194
5256293, 1194
5271037, 1194
5288547, 1194
5309313, 1194
5331822, 1194
5353888, 1194
5380454, 1194
5415734, 1194
5445213, 1194
5453320, 1194
5487012, 1194
5494755, 1194
5511280, 1194
5533079, 1194
5552501, 1194
5570518, 1194
5586261, 1194
5613004, 1194
5640534, 1194
5665443, 1194
5670279, 1200
5683672, 1200
5707744, 1200
5731112, 1200
5740878, 1200
5760602, 1200
5772736, 1202
5779897, 1202
5787066, 1202
5813535, 1202
5824803, 1202
5841599, 1202
5856173, 1202
5885409, 1202
5906984, 1202
5924402, 1205
5931990, 1205
5957603, 1205
5986089, 1205
5998159, 1205
6020112, 1205
6037633, 1205
6066405, 1205
6077336, 1205
6082871, 1207
6083856, 1210
6084105, 1219
6088270, 1219
6097771, 1219
6098671, 1225
6099830, 1228
6118578, 1228
6140449, 1228
6161739, 1228
6168008, 1228
6173018, 1229
6173214, 1231
6174099, 1232
6174545, 1233
6197663, 1233
6221402, 1233
6229324, 1258
6232185, 1264
6255987, 1264
6278802, 1264
6302167, 1264
6324583, 1264
6346197, 1264
6365082, 1265
6386769, 1265
6408317, 1265
6420215, 1265
6424708, 1265
6428289, 1273
6429223, 1279
6430913, 1285
6451278, 1285
6469143, 1286
6469208, 1287
6492072, 1287
6497177, 1289
6502316, 1292
6503554, 1302
6522970, 1302
6539916, 1302
6542016, 1302
6562493, 1302
6583364, 1302
6604988, 1302
6626240, 1302
6645764, 1302
6672807, 1302
6701739, 1302
6738079, 1302
6773415, 1302
6793656, 1302
6816759, 1302
6818984, 1302
6846928, 1302
6879763, 1302
6912671, 1302
6943514, 1302
6975229, 1302
7007169, 1303
7007183, 1304
7035661, 1304
7045154, 1304
7071750, 1304
7106106, 1304
7142425, 1304
7147644, 1305
7178763, 1305
7185271, 1305
7202895, 1305
7223911, 1305
7246521, 1305
7269673, 1305
7288360, 1305
7290547, 1305
7296078, 1305
7312026, 1305
7331398, 1305
7333097, 1305
7336316, 1305
7362964, 1305
7383691, 1305
7407945, 1305
7433766, 1305
7460792, 1305
7477765, 1305
7481542, 1305
7492615, 1305
7512718, 1305
7531005, 1305
7543326, 1305
7568083, 1305
7589796, 1305
7616742, 1305
7637122, 1305
7667603, 1305
7702646, 1305
7720323, 1305
7728260, 1305
7755175, 1305
7787413, 1305
7822885, 1305
7858188, 1305
7885414, 1305
7908997, 1305
7918745, 1319
7922105, 1320
7922134, 1322
7936172, 1322
7957688, 1322
7959573, 1322
7961283, 1322
7978703, 1322
8003214, 1322
8024031, 1322
8047793, 1322
8067294, 1322
8084416, 1322
8106269, 1322
8126819, 1322
8158693, 1322
8186449, 1322
8220107, 1322
8253565, 1322
8286670, 1322
8307251, 1322
8328559, 1322
8342416, 1322
8363028, 1322
8390279, 1322
8422939, 1322
8453129, 1322
8467403, 1322
8476515, 1322
8497586, 1322
8518562, 1322
8539202, 1322
8559938, 1322
8575021, 1323
8590461, 1323
8610952, 1323
8614228, 1323
8638676, 1323
8662322, 1323
8679256, 1323
8703390, 1323
8717567, 1323
8723918, 1323
8725828, 1324
8726225, 1338
8727198, 1340
8733731, 1340
8747347, 1340
8780991, 1340
8799031, 1340
8804076, 1340
8813470, 1340
8826606, 1340
8839250, 1340
8853192, 1340
8871867, 1346
8904228, 1346
8917446, 1346
8922175, 1346
8928029, 1346
8934837, 1346
8959427, 1346
8966390, 1346
8977719, 1346
9001801, 1346
9026642, 1346
9051320, 1346
9071119, 1346
9092669, 1346
9102311, 1346
9112534, 1346
9134067, 1346
9155453, 1346
9180383, 1346
9206363, 1346
9211045, 1352
9232525, 1352
9267160, 1352
9304475, 1352
9330783, 1352
9331932, 1353
9354487, 1353
9368707, 1353
9388167, 1353
9427136, 1353
9469871, 1353
9488583, 1353
9494277, 1353
9505480, 1353
9547405, 1353
9565114, 1354
9565234, 1355
9600927, 1355
9623014, 1355
9664827, 1355
9706687, 1355
9728169, 1355
9731064, 1356
9731377, 1357
9767028, 1357
9785359, 1357
9816275, 1357
9851884, 1357
9888771, 1357
9898335, 1357
9911474, 1357
9912671, 1359
9917837, 1359
9918509, 1360
9918617, 1362
9918701, 1363
9919504, 1364
9950316, 1364
9957187, 1364
9991013, 1364
10028929, 1364
10064679, 1364
10097093, 1364
10115584, 1364
10138879, 1364
10174570, 1364
10211174, 1364
10241882, 1364
10245705, 1364
10249993, 1366
10263801, 1366
10265136, 1367
10266219, 1368
10266234, 1369
10267379, 1371
10295224, 1371
10330382, 1371
10348353, 1371
10384533, 1371
10417182, 1371
10446788, 1371
10479801, 1371
10497967, 1371
10509689, 1371
10544788, 1371
10572620, 1371
10607428, 1371
10642909, 1371
10678484, 1371
10713991, 1371
10735583, 1371
10757127, 1371
10785159, 1371
10812259, 1371
10844546, 1371
10870351, 1371
10890363, 1372
10894377, 1372
10913133, 1372
10927378, 1372
10962668, 1372
10973320, 1372
10979665, 1372
10993906, 1372
11000468, 1372
11001192, 1386
11002731, 1388
11034239, 1388
11043032, 1388
11076089, 1388
11113846, 1388
11150128, 1388
11185494, 1388
11222459, 1388
11241191, 1388
11258068, 1388
11273336, 1388
11309208, 1388
11333428, 1388
11351088, 1388
11386762, 1388
11421423, 1388
11438126, 1388
11475877, 1388
11514031, 1388
11551267, 1388
11586017, 1388
11597187, 1388
11630720, 1388
11665500, 1388
11703064, 1388
11734666, 1388
11744002, 1388
11771986, 1388
11812290, 1388
11852469, 1388
11886854, 1388
11901733, 1388
11928273, 1388
11968224, 1388
12008659, 1388
12032051, 1388
12069737, 1388
12109522, 1388
12149545, 1388
12167610, 1388
12175727, 1388
12179711, 1388
12196671, 1388
12202753, 1388
12215306, 1388
12227374, 1388
12256654, 1388
12273050, 1388
12310428, 1388
12346908, 1388
12383200, 1388
12387108, 1388
12404834, 1388
12410558, 1388
12422876, 1388
12434535, 1388
12438851, 1388
12453759, 1388
12463238, 1388
12475088, 1388
12489369, 1388
12497891, 1388
12517037, 1388
12523048, 1388
12543360, 1388
12548700, 1388
12549327, 1391
12567927, 1391
12576673, 1391
12599492, 1391
12615321, 1391
12643548, 1391
12673117, 1391
12708567, 1391
12744985, 1391
12781654, 1391
12802484, 1391
12813981, 1391
12821210, 1391
12838682, 1391
12843192, 1391
12848253, 1391
12866269, 1391
12872500, 1391
12876351, 1391
12892475, 1391
12899710, 1391
12911411, 1391
12922952, 1391
12925377, 1397
12929392, 1397
12939219, 1397
12948979, 1418
12954063, 1418
12962239, 1418
12964747, 1420
12982192, 1420
13001389, 1420
13039586, 1420
13071490, 1420
13085517, 1420
13101899, 1420
13139481, 1420
13146941, 1420
13180073, 1420
13197294, 1420
13229777, 1420
13253671, 1420
13284141, 1420
13296203, 1426
13303384, 1426
13305993, 1427
13306733, 1428
13339541, 1428
13344769, 1428
13378611, 1428
13410167, 1428
13441866, 1428
13474573, 1428
13479746, 1428
13497539, 1428
13504658, 1428
13518394, 1428
13546902, 1428
13576821, 1428
13613449, 1428
13652277, 1428
13690776, 1428
13720324, 1428
13738289, 1428
13752755, 1428
13775252, 1438
13793206, 1438
13800078, 1438
13828151, 1438
13837259, 1438
13846757, 1438
13883674, 1438
13919738, 1438
13954634, 1438
13993398, 1438
14029920, 1438
14058354, 1438
14078012, 1438
14079877, 1447
14083067, 1475
14087230, 1475
14106452, 1475
14116095, 1475
14153964, 1475
14191278, 1475
14224844, 1475
14243311, 1475
14250713, 1475
14253246, 1476
14257496, 1476
14277788, 1476
14285052, 1476
14295265, 1476
14311883, 1476
14315088, 1478
14346399, 1478
14356398, 1478
14391665, 1478
14428816, 1478
14465048, 1478
14494785, 1478
14510705, 1478
14525047, 1478
14562012, 1478
14600159, 1478
14636750, 1478
14672582, 1478
14695853, 1489
14713689, 1489
14719807, 1489
14722910, 1489
14758114, 1489
14760183, 1489
14784183, 1489
14821324, 1489
14855359, 1489
14867557, 1489
14902623, 1489
14936561, 1489
14959881, 1492
14992569, 1492
14996703, 1492
15010467, 1492
15045346, 1492
15081723, 1492
15088792, 1492
15116646, 1492
15151770, 1492
15186601, 1492
15223448, 1492
15248172, 1492
15261139, 1492
15271211, 1492
15302442, 1492
15338964, 1492
15375200, 1492
15401111, 1492
15438458, 1492
15475946, 1492
15513245, 1492
15538495, 1492
15556870, 1492
15564524, 1492
15568037, 1492
15571249, 1492
15590638, 1492
15597057, 1498
15604824, 1498
15620914, 1498
15626462, 1498
15641513, 1498
15651528, 1498
15668584, 1498
15702795, 1498
15730998, 1498
15747223, 1498
15756795, 1498
15760319, 1498
15776289, 1498
15786700, 1498
15792969, 1498
15812672, 1498
15818021, 1498
15835785, 1498
15843784, 1498
15855230, 1498
15866445, 1504
15874745, 1504
15877681, 1504
15888928, 1504
15904449, 1504
15909473, 1504
15923041, 1504
15935216, 1504
15940228, 1504
15941091, 1505
15972178, 1505
15978221, 1505
15997855, 1505
16034824, 1505
16071637, 1505
16080424, 1505
16114529, 1505
16150579, 1505
16182701, 1505
16202816, 1505
16208502, 1505
16211640, 1506
16220666, 1506
16237914, 1506
16241931, 1506
16272830, 1506
16309312, 1506
16343263, 1506
16377617, 1506
16412380, 1506
16447575, 1506
16484130, 1506
16520575, 1506
16556549, 1506
16577041, 1506
16589870, 1506
16594059, 1506
16609618, 1506
16621766, 1506
16625886, 1506
16636786, 1506
16672895, 1506
16709532, 1506
16730470, 1506
16740694, 1506
16774997, 1506
16809983, 1506
16846330, 1506
16883306, 1506
16918427, 1506
16953034, 1506
16985666, 1506
17019156, 1506
17053916, 1506
17088973, 1506
17113184, 1506
17126591, 1506
17130154, 1506
17131026, 1507
17148793, 1507
17157368, 1507
17158952, 1515
17159317, 1518
17160091, 1521
17194361, 1521
17195310, 1522
17197104, 1522
17212673, 1522
17247389, 1522
17283259, 1522
17320312, 1522
17357489, 1522
17392337, 1522
17426730, 1522
17444454, 1522
17447313, 1522
17474681, 1522
17503392, 1522
17540009, 1522
17574815, 1522
17608966, 1522
17642938, 1522
17679239, 1522
17713739, 1522
17728742, 1522
17740622, 1522
17742973, 1524
17743328, 1526
17744187, 1551
17770146, 1551
17780860, 1551
17782241, 1551
17809689, 1551
17840453, 1551
17841739, 1551
17848067, 1551
17883693, 1551
17902768, 1551
17904578, 1551
17937908, 1551
17953659, 1551
17965889, 1551
17988054, 1551
18004972, 1551
18042385, 1551
18054761, 1551
18079023, 1551
18109652, 1551
18132450, 1551
18151086, 1551
18155228, 1551
18186793, 1551
18219498, 1551
18227998, 1551
18245242, 1551
18249558, 1551
18279734, 1551
18286494, 1551
18302476, 1551
18344763, 1551
18387623, 1551
18402162, 1551
18444300, 1551
18486729, 1551
18527965, 1551
18561260, 1551
18599992, 1551
18641535, 1551
18683260, 1551
18724276, 1551
18764436, 1551
18771866, 1551
18790792, 1551
18796332, 1551
18817121, 1551
18824396, 1551
18835344, 1551
18875381, 1551
18892839, 1599
18899579, 1599
18921517, 1599
18933956, 1599
18960712, 1599
18961527, 1599
18962391, 1599
18966088, 1599
19008263, 1599
19021533, 1599
19022428, 1599
19023354, 1599
19051265, 1599
19082773, 1599
19083714, 1599
19084696, 1599
19101819, 1599
19133272, 1599
19134291, 1599
19135348, 1599
19142341, 1599
19143364, 1599
19144447, 1599
19178545, 1599
19202888, 1599
19204066, 1599
19206349, 1599
19247752, 1599
19264604, 1599
19265864, 1599
19278729, 1599
19314703, 1599
19316095, 1599
19325365, 1599
19349693, 1599
19351332, 1599
19384422, 1599
19405444, 1599
19411524, 1599
19439634, 1599
19448921, 1599
19475469, 1599
19493635, 1599
19530400, 1599
19551699, 1599
19578528, 1599
19614926, 1599
19636434, 1599
19643374, 1599
19645031, 1605
19652690, 1605
19671852, 1605
19677970, 1605
19679262, 1606
19682491, 1607
19707025, 1607
19720343, 1607
19734225, 1607
19775477, 1607
19813114, 1607
19853454, 1607
19894121, 1607
19935624, 1607
19949726, 1608
19988351, 1608
20029329, 1608
20071241, 1608
20113739, 1608
20155257, 1608
20181780, 1608
20197510, 1608
20201884, 1608
20222747, 1608
20234389, 1608
20262455, 1608
20283494, 1608
20326267, 1608
20366422, 1608
20388783, 1608
20408984, 1608
20413593, 1608
20435229, 1608
20438589, 1608
20460615, 1608
20488899, 1608
20531522, 1608
20572510, 1608
20609060, 1608
20644844, 1608
20683148, 1608
20704307, 1608
20706129, 1614
20714608, 1614
20751513, 1614
20789241, 1614
20802220, 1615
20839754, 1615
20864709, 1615
20882348, 1615
20887575, 1615
20891693, 1615
20894867, 1615
20914066, 1615
20918490, 1615
20922463, 1615
20930560, 1615
20944329, 1615
20947527, 1615
20952308, 1615
20965780, 1615
20980570, 1615
20989308, 1615
20993211, 1615
21008853, 1615
21016432, 1615
21019401, 1615
21033032, 1615
21042868, 1615
21046367, 1615
21058005, 1615
21065900, 1615
21068731, 1615
21085123, 1615
21092060, 1615
21094478, 1615
21100552, 1615
21117481, 1615
21129735, 1615
21139026, 1615
21148809, 1615
21162020, 1615
21164994, 1616
21179561, 1616
21202018, 1616
21212542, 1616
21247409, 1616
21285172, 1616
21319431, 1616
21329773, 1616
21347750, 1616
21352323, 1616
21354692, 1616
21375415, 1616
21381749, 1616
21386204, 1616
21408573, 1616
21414642, 1616
21433559, 1616
21438054, 1616
21453816, 1616
21463504, 1616
21468865, 1616
21478773, 1616
21495873, 1616
21497368, 1617
21500531, 1617
21515567, 1617
21526356, 1617
21555725, 1617
21591734, 1617
21627683, 1617
21662262, 1617
21698463, 1617
21732319, 1617
21767439, 1617
21802922, 1617
21840456, 1617
21876705, 1617
21911995, 1617
21947818, 1617
21982864, 1617
22017040, 1617
22054662, 1617
22090148, 1617
22124741, 1617
22145273, 1617
22152913, 1617
22155405, 1617
22171629, 1617
22181042, 1617
22197382, 1617
22206353, 1617
22212006, 1617
22219738, 1617
22235326, 1617
22241011, 1617
22244981, 1617
22265748, 1617
22271035, 1617
22294036, 1617
22299001, 1617
22314869, 1617
22325585, 1617
22329812, 1617
22333045, 1617
22355261, 1617
22360760, 1617
22368377, 1617
22386602, 1617
22394443, 1617
22414550, 1617
22424356, 1617
22440724, 1617
22446990, 1617
22464345, 1617
22474327, 1617
22491960, 1617
22501826, 1617
22505825, 1617
22521547, 1617
22532791, 1617
22538178, 1617
22554873, 1617
22564852, 1617
22583172, 1617
22592672, 1617
22593797, 1620
22621604, 1620
22660623, 1620
22700304, 1620
22737608, 1620
22777406, 1620
22815922, 1620
22855080, 1620
22893774, 1620
22918696, 1620
22934662, 1620
22947165, 1620
22951896, 1620
22962090, 1620
22979290, 1620
22984451, 1620
22992337, 1620
23009133, 1620
23015501, 1620
23019451, 1620
23040799, 1620
23045039, 1620
23064373, 1620
23071579, 1620
23086242, 1620
23098823, 1620
23111702, 1620
23125555, 1620
23134301, 1620
23150173, 1620
23155269, 1620
23156980, 1622
23176587, 1622
23183554, 1622
23188336, 1622
23205322, 1622
23216736, 1622
23221790, 1622
23224241, 1622
23226819, 1622
23235796, 1622
23256268, 1622
23262030, 1622
23277532, 1622
23289731, 1622
23293906, 1622
23312443, 1622
23324252, 1622
23332267, 1622
23367477, 1622
23403864, 1622
23441177, 1622
23478873, 1622
23517533, 1622
23556993, 1622
23595187, 1622
23633997, 1622
23667905, 1622
