958255, 332
965880, 332
973516, 332
981007, 332
988423, 332
996086, 332
1003445, 332
1010393, 332
1017066, 332
1024332, 332
1031790, 332
1039187, 332
1046303, 332
1053222, 332
1060173, 332
1066965, 332
1073733, 332
1079683, 332
1086323, 332
1093147, 332
1099974, 332
1106918, 332
1113586, 332
1120397, 332
1127397, 332
1134277, 332
1141140, 332
1147899, 332
1154560, 332
1161307, 332
1168167, 332
1174927, 332
1181766, 332
1188602, 332
1195167, 332
1201257, 332
1208198, 332
1215148, 332
1222131, 332
1228799, 332
1235475, 332
1242764, 332
1249113, 332
1254741, 332
1260977, 332
1267038, 332
1273533, 332
1279891, 332
1286330, 332
1292761, 332
1299296, 332
1305292, 332
1310745, 332
1317486, 332
1324224, 332
1331038, 332
1338039, 332
1345312, 332
1352727, 332
1359874, 332
1366568, 332
1373410, 332
1380007, 332
1385850, 332
1391404, 332
1396965, 332
1402840, 332
1408728, 332
1414482, 332
1420143, 332
1425629, 332
1430615, 332
1436225, 332
1441655, 332
1446873, 332
1451487, 332
1457196, 332
1462798, 332
1468811, 332
1473549, 332
1479286, 332
1485717, 332
1492050, 332
1498292, 332
1504515, 332
1510819, 332
1517449, 332
1523761, 332
1530089, 332
1536396, 332
1542602, 332
1548924, 332
1555254, 332
1561336, 332
1566972, 332
1572932, 332
1578397, 332
1585140, 332
1591891, 332
1598421, 332
1605031, 332
1611524, 332
1617720, 332
1623777, 332
1630157, 332
1636396, 332
1643072, 332
1649488, 332
1655801, 332
1662048, 332
1668434, 332
1674761, 332
1681138, 332
1687431, 332
1693751, 332
1699916, 332
1706345, 332
1712693, 332
1719005, 332
1725382, 332
1731674, 332
1737792, 332
1744096, 332
1750368, 332
1756453, 332
1762248, 332
1768483, 332
1774575, 332
1781012, 332
1787302, 332
1793677, 332
1800068, 332
1806248, 332
1812545, 332
1818988, 332
1825387, 332
1831702, 332
1838040, 332
1844351, 332
1850746, 332
1856990, 332
1863264, 332
1869382, 332
1875671, 332
1881871, 332
1887951, 332
1894428, 332
1900728, 332
1906994, 332
1913311, 332
1919695, 332
1925965, 332
1932246, 332
1938499, 332
1944758, 332
1951239, 332
1957530, 332
1963815, 332
1970203, 332
1976723, 332
1983066, 332
1989451, 332
1996032, 332
2002260, 332
2008660, 332
2014670, 332
2021038, 332
2027400, 332
2033793, 332
2040000, 332
2046345, 332
2052585, 332
2058709, 332
2064987, 332
2071380, 332
2077738, 332
2083971, 332
2090335, 332
2096620, 332
2102979, 332
2109178, 332
2115497, 332
2121708, 332
2127946, 332
2134231, 332
2140552, 332
2146883, 332
2153344, 332
2159695, 332
2165774, 332
2172084, 332
2177665, 332
2183401, 332
2189951, 332
2196492, 332
2202800, 332
2209155, 332
2215479, 332
2222048, 332
2228465, 332
2234805, 332
2241056, 332
2247196, 332
2253420, 332
2259636, 332
2266015, 332
2271883, 332
2278215, 332
2284357, 332
2290735, 332
2297169, 332
2303453, 332
2309888, 332
2315037, 332
2318294, 332
2322256, 332
2328138, 332
2334764, 332
2341323, 332
2347592, 332
2353772, 332
2360118, 332
2366481, 332
2372773, 332
2379212, 332
2385437, 332
2391701, 332
2397029, 332
2403648, 332
2410189, 332
2416282, 332
2422642, 332
2428946, 332
2435317, 332
2441615, 332
2447960, 332
2454420, 332
2460633, 332
2466967, 332
2473242, 332
2479624, 332
2485894, 332
2492346, 332
2498726, 332
2505029, 332
2511328, 332
2517647, 332
2524038, 332
2530457, 332
2536683, 332
2543092, 332
2549404, 332
2555660, 332
2561601, 332
2568026, 332
2574307, 332
2580575, 332
2586481, 332
2592155, 332
2598261, 332
2604224, 332
2610459, 332
2616605, 332
2622888, 332
2629271, 332
2635571, 332
2641821, 332
2648109, 332
2654383, 332
2660639, 332
2667054, 332
2673279, 332
2679495, 332
2685783, 332
2692219, 332
2698570, 332
2704948, 332
2711288, 332
2717597, 332
2723990, 332
2730385, 332
2736346, 332
2742553, 332
2748908, 332
2754498, 332
2760252, 332
2766317, 332
2772563, 332
2778836, 332
2784798, 332
2790053, 332
2796081, 332
2802099, 332
2808190, 332
2814593, 332
2820934, 332
2827254, 332
2833338, 332
2838677, 332
2843709, 332
2849055, 332
2854820, 332
2860673, 332
2866440, 332
2871557, 332
2877612, 332
2884000, 332
2890337, 332
2896677, 332
2902815, 332
2909060, 332
2914271, 332
2920065, 332
2925588, 332
2932000, 332
2938408, 332
2944381, 332
2950777, 332
2956792, 332
2963165, 332
2969576, 332
2975712, 332
2981581, 332
2987684, 332
2993661, 332
2999585, 332
3005626, 332
3012004, 332
3018125, 332
3024262, 332
3030590, 332
3036943, 332
3043075, 332
3049319, 332
3054868, 332
3060992, 332
3066762, 332
3072854, 332
3078963, 332
3084895, 332
3090891, 332
3097301, 332
3103505, 332
3109769, 332
3115958, 332
3122031, 332
3128314, 332
3134376, 332
3139734, 332
3145958, 332
3152362, 332
3158701, 332
3164468, 332
3170558, 332
3176199, 332
3182519, 332
3188280, 332
3194305, 332
3200108, 332
3206347, 332
3212569, 332
3218628, 332
3224720, 332
3230874, 332
3236713, 332
3242687, 332
3248567, 332
3254724, 332
3260761, 332
3266786, 332
3273054, 332
3279046, 332
3285130, 332
3291103, 332
3297421, 332
3303677, 332
3309852, 332
3316225, 332
3322489, 332
3328735, 332
3334730, 332
3340979, 332
3346688, 332
3352829, 332
3359162, 332
3365462, 332
3371371, 332
3377674, 332
3383834, 332
3389842, 332
3396181, 332
3402386, 332
3408683, 332
3414135, 332
3419738, 332
3425679, 332
3431055, 332
3437082, 332
3443278, 332
3449578, 332
3455974, 332
3462140, 332
3468537, 332
3474713, 332
3480959, 332
3486386, 332
3492189, 332
3498155, 332
3504477, 332
3510620, 332
3516704, 332
3523090, 332
3529094, 332
3535221, 332
3541539, 332
3547808, 332
3553897, 332
3559903, 332
3565737, 332
3571936, 332
3578274, 332
3584630, 332
3590939, 332
3597328, 332
3603527, 332
3609301, 332
3615514, 332
3621850, 332
3628201, 332
3634382, 332
3640541, 332
3645898, 332
3652115, 332
3658364, 332
3664463, 332
3670858, 332
3676840, 332
3681990, 332
3687856, 332
3693827, 332
3700207, 332
3706327, 332
3712297, 332
3718428, 332
3724400, 332
3730700, 332
3736644, 332
3742600, 332
3748612, 332
3754919, 332
3761090, 332
3767096, 332
3773090, 332
3779382, 332
3785662, 332
3791636, 332
3797967, 332
3804253, 332
3810189, 332
3816205, 332
3822477, 332
3828692, 332
3834999, 332
3841447, 332
3847860, 332
3853914, 332
3860268, 332
3866644, 332
3872828, 332
3878616, 332
3884734, 332
3890607, 332
3896440, 332
3902593, 332
3908616, 332
3914948, 332
3921340, 332
3926825, 332
3932375, 332
3938129, 332
3943998, 332
3950095, 332
3956065, 332
3962211, 332
3968257, 332
3974540, 332
3980650, 332
3987095, 332
3993459, 332
3999485, 332
4005501, 332
4011472, 332
4017469, 332
4022988, 332
4028828, 332
4034637, 332
4040847, 332
4046929, 332
4052960, 332
4058829, 332
4064963, 332
4070852, 332
4074325, 332
4079089, 332
4085300, 332
4091305, 332
4097671, 332
4104021, 332
4109887, 332
4115992, 332
4122087, 332
4128013, 332
4134144, 332
4140134, 332
4145680, 332
4151177, 332
4156510, 332
4162534, 332
4168531, 332
4174472, 332
4180046, 332
4185793, 332
4191459, 332
4197381, 332
4203331, 332
4208819, 332
4214529, 332
4220221, 332
4226270, 332
4231692, 332
4237740, 332
4243598, 332
4249342, 332
4255120, 332
4261453, 332
4267666, 332
4273887, 332
4280310, 332
4286690, 332
4292757, 332
4298864, 332
4305279, 332
4311624, 332
4317987, 332
4323994, 332
4329447, 332
4335308, 332
4341571, 332
4346839, 332
4351749, 332
4356586, 332
4361544, 332
4367573, 332
4373841, 332
4380107, 332
4386284, 332
4392491, 332
4398848, 332
4405111, 332
4411102, 332
4417419, 332
4423486, 332
4429227, 332
4435202, 332
4441103, 332
4447223, 332
4453265, 332
4459392, 332
4465605, 332
4471765, 332
4478188, 332
4483988, 332
4489882, 332
4495890, 332
4502078, 332
4508132, 332
4514364, 332
4520559, 332
4526839, 332
4532951, 332
4539296, 332
4545593, 332
4551831, 332
4558115, 332
4564088, 332
4570491, 332
4576687, 332
4582710, 332
4588750, 332
4594825, 332
4600854, 332
4606937, 332
4612487, 332
4618158, 332
4624234, 332
4630748, 332
4637615, 332
4644282, 332
4651138, 332
4657986, 332
4664585, 332
4671323, 332
4677701, 332
4684557, 332
4691256, 332
4698230, 332
4705118, 332
4711377, 332
4717827, 332
4724715, 332
4731618, 332
4738344, 332
4745271, 332
4752240, 332
4759126, 332
4765960, 332
4772677, 332
4778868, 332
4785250, 332
4791678, 332
4798461, 332
4805270, 332
4811950, 332
4818893, 332
4825703, 332
4832221, 332
4839032, 332
4845678, 332
4851854, 332
4858565, 332
4865417, 332
4872186, 332
4879104, 332
4886029, 332
4892578, 332
4898927, 332
4904690, 332
4910628, 332
4916877, 332
4923086, 332
4928537, 332
4934755, 332
4940826, 332
4947094, 332
4954009, 332
4959364, 332
4964770, 332
4971264, 332
4977434, 332
4983286, 332
4989431, 332
4994362, 332
