1, 398
2, 425
3, 429
4, 445
5, 494
6, 494
7, 693
8, 714
9, 714
10, 725
11, 736
12, 736
13, 736
14, 736
15, 737
17381, 737
36271, 737
57928, 737
80212, 737
101654, 737
123468, 737
145353, 737
162337, 737
183247, 737
205671, 737
224954, 737
242606, 737
259070, 737
280609, 737
303737, 737
326833, 737
350426, 737
373642, 737
395768, 737
418719, 737
441464, 737
463847, 737
482716, 737
504492, 737
528868, 737
553046, 737
576154, 737
598420, 737
621601, 737
640764, 737
660886, 737
680111, 737
700322, 737
720392, 737
739121, 737
757645, 737
775805, 737
793575, 737
810573, 737
829875, 737
849987, 737
871919, 737
893729, 737
916332, 737
935090, 737
955621, 737
976762, 737
995890, 737
1019518, 737
1043403, 737
1066767, 737
1088322, 737
1109399, 737
1131012, 737
1153220, 737
1175694, 737
1198909, 737
1222344, 737
1241706, 737
1261512, 737
1280183, 737
1297023, 737
1318162, 737
1330656, 738
1351891, 738
1368585, 738
1388872, 738
1408292, 738
1428570, 738
1450607, 738
1473649, 738
1495972, 738
1518500, 738
1533345, 738
1550413, 738
1573500, 738
1595780, 738
1618400, 738
1640827, 738
1663211, 738
1685429, 738
1708689, 738
1731312, 738
1752424, 738
1775634, 738
1798710, 738
1822184, 738
1844983, 738
1868260, 738
1891572, 738
1914451, 738
1936620, 738
1959380, 738
1980441, 738
2001766, 738
2024424, 738
2047870, 738
2071305, 738
2092595, 738
2114887, 738
2138258, 738
2161011, 738
2180643, 738
2197859, 738
2215464, 738
2235026, 738
2254167, 738
2273410, 738
2293297, 738
2312123, 738
2330809, 738
2343124, 738
2356879, 738
2372902, 738
2390613, 738
2408878, 738
2431011, 738
2452999, 738
2475930, 738
2495877, 738
2513804, 738
2532796, 738
2551887, 738
2570379, 738
2590269, 738
2609353, 738
2627425, 738
2647152, 738
2666078, 738
2685089, 738
2704232, 738
2723447, 738
2742895, 738
2761492, 738
2781387, 738
2797550, 738
2810819, 738
2828411, 738
2845038, 738
2856610, 738
2873043, 738
2889415, 738
2903433, 738
2920419, 738
2939340, 738
2957599, 738
2976171, 738
2992368, 738
3009713, 738
3027463, 738
3046860, 738
3065704, 738
3081802, 738
3099646, 738
3117371, 738
3135176, 738
3152490, 738
3171089, 738
3190142, 738
3207808, 738
3226427, 738
3244454, 738
3262917, 738
3281691, 738
3301184, 738
3319655, 738
3338774, 738
3356992, 738
3375407, 738
3390726, 738
3402703, 738
3419914, 738
3437399, 738
3455099, 738
3473254, 738
3491103, 738
3510879, 738
3529764, 738
3550128, 738
3569472, 738
3586535, 738
3605424, 738
3623752, 738
3642565, 738
3659479, 738
3675176, 738
3691850, 738
3705192, 738
3721773, 738
3738185, 738
3753545, 738
3771636, 738
3783745, 738
3793283, 738
3810292, 738
3828256, 738
3846845, 738
3865603, 738
3885136, 738
3903447, 738
3921650, 738
3940456, 738
3958592, 738
3977008, 738
3994046, 738
4013982, 738
4033565, 738
4053596, 738
4073625, 738
4093613, 738
4112352, 738
4131303, 738
4150924, 738
4170616, 738
4190141, 738
4208862, 738
4227069, 738
4245846, 738
4264614, 738
4282842, 738
4302274, 738
4320937, 738
4340125, 738
4358931, 738
4377989, 738
4397088, 738
4416857, 738
4436219, 738
4455760, 738
4475181, 738
4494436, 738
4512971, 738
4531488, 738
4551046, 738
4570047, 738
4588372, 738
4607915, 738
4626710, 738
4646011, 738
4664903, 738
4684098, 738
4703442, 738
4722391, 738
4742556, 738
4761256, 738
4780506, 738
4799204, 738
4819204, 738
4837813, 738
4855328, 738
4872170, 738
4890623, 738
4909116, 738
4925800, 738
4943602, 738
4960858, 738
4976549, 738
4995482, 738
5012622, 738
5028180, 738
5046165, 738
5063433, 738
5081691, 738
5098422, 738
5115078, 738
5132060, 738
5146145, 738
5161192, 738
5178770, 738
5197386, 738
5214746, 738
5232418, 738
5251908, 738
5269742, 738
5288336, 738
5307616, 738
5326040, 738
5345801, 738
5365664, 738
5384412, 738
5403239, 738
5422675, 738
5441682, 738
5461136, 738
5479648, 738
5499600, 738
5518893, 738
5538939, 738
5558053, 738
5576752, 738
5596155, 738
5615054, 738
5634917, 738
5653979, 738
5672813, 738
5691174, 738
5710010, 738
5728778, 738
5748111, 738
5767692, 738
5786880, 738
5805510, 738
5824231, 738
5843153, 738
5862672, 738
5880630, 738
5898696, 738
5914942, 738
5933511, 738
5952929, 738
5972588, 738
5992010, 738
6011421, 738
6028998, 738
6045858, 738
6060995, 738
6075117, 738
6091034, 738
6106472, 738
6122119, 738
6139401, 738
6156230, 738
6173623, 738
6191514, 738
6206963, 738
6222627, 738
6237052, 738
6252574, 738
6268684, 738
6285692, 738
6302546, 738
6319152, 738
6336124, 738
6353036, 738
6372335, 738
6389583, 738
6408361, 738
6427517, 738
6446480, 738
6463309, 738
6480554, 738
6497599, 738
6515534, 738
6531199, 738
6550357, 738
6569207, 738
6588112, 738
6606397, 738
6625739, 738
6644877, 738
6660883, 738
6677957, 738
6696766, 738
6716095, 738
6733635, 738
6752542, 738
6772210, 738
6791636, 738
6808461, 738
6819870, 738
6836843, 738
6855298, 738
6871426, 738
6887213, 738
6906473, 738
6921562, 738
6936167, 738
6952091, 738
6966892, 738
6981839, 738
6998494, 738
7014740, 738
7031774, 738
7049388, 738
7065672, 738
7081847, 738
7095548, 738
7112658, 738
7129915, 738
7147041, 738
7164499, 738
7181935, 738
7199515, 738
7216033, 738
7235112, 738
7252809, 738
7271369, 738
7290107, 738
7309123, 738
7328494, 738
7348196, 738
7367244, 738
7386728, 738
7406505, 738
7424893, 738
7443575, 738
7462894, 738
7482682, 738
7501694, 738
7521117, 738
7540236, 738
7559472, 738
7578380, 738
7597392, 738
7615983, 738
7635492, 738
7653763, 738
7672223, 738
7690818, 738
7710836, 738
7730156, 738
7749622, 738
7768690, 738
7787391, 738
7806319, 738
7825786, 738
7844803, 738
7863702, 738
7882434, 738
7901426, 738
7920971, 738
7941142, 738
7960719, 738
7979896, 738
7999215, 738
8019114, 738
8037889, 738
8055261, 738
8075056, 738
8093603, 738
8112419, 738
8131279, 738
8147840, 738
8165608, 738
8185142, 738
8204491, 738
8221596, 738
8240354, 738
8259006, 738
8276334, 738
8295079, 738
8313623, 738
8332678, 738
8352204, 738
8371422, 738
8391049, 738
8410242, 738
8429126, 738
8447968, 738
8467120, 738
8486164, 738
8505160, 738
8524730, 738
8544354, 738
8563456, 738
8581384, 738
8600009, 738
8618684, 738
8638611, 738
8657681, 738
8676888, 738
8696544, 738
8715310, 738
8732375, 738
8750418, 738
8768502, 738
8787552, 738
